SMILES,Activity,LogP,MW,TPSA,HBD,HBA,RotatableBonds,AromaticRings,QED
CC1=CC(=O)C=CC1=O,6.06,0.64,122.12,34.14,0,2,0,0,0.442
S(SC1=NC2=CC=CC=C2S1)C3=NC4=C(S3)C=CC=C4,6.6,5.71,332.5,25.78,0,6,3,4,0.449
OC1=C(Cl)C=C(C=C1[N+]([O-])=O)[N+]([O-])=O,6.36,1.86,218.55,106.51,1,5,2,1,0.602
[O-][N+](=O)C1=CNC(=N)S1,6.43,0.46,145.14,82.78,2,4,1,1,0.444
NC1=CC2=C(C=C1)C(=O)C3=C(C=CC=C3)C2=O,7.22,2.04,223.23,60.16,1,3,0,2,0.593
OC(=O)C1=C(C=CC=C1)C2=C3C=CC(=O)C(=C3OC4=C2C=CC(=C4Br)O)Br,6.18,5.49,490.1,87.74,2,4,2,2,0.363
CN(C)C1=C(Cl)C(=O)C2=C(C=CC=C2)C1=O,7.3,2.08,235.67,37.38,0,3,1,1,0.748
CC1=C(C2=C(C=C1)C(=O)C3=CC=CC=C3C2=O)[N+]([O-])=O,6.94,2.68,267.24,77.28,0,4,1,2,0.501
CC(=NO)C(C)=NO,5.74,0.69,116.12,65.18,2,4,1,0,0.3
C1=CC=C(C=C1)P(C2=CC=CC=C2)C3=CC=CC=C3,8.11,3.44,262.29,0.0,0,0,3,3,0.634
CC(C)(C)C1=C(O)C=C(C(=C1)O)C(C)(C)C,7.4,3.69,222.33,40.46,2,2,0,1,0.657
CC1=NN(C(=O)C1)C2=CC=CC=C2,6.75,1.8,174.2,32.67,0,2,1,1,0.639
NC1=CC=NC2=C1C=CC(=C2)Cl,7.72,2.47,178.62,38.91,1,2,0,2,0.673
CCCCCC[CH]1CCCCN1,6.37,3.1,169.31,12.03,1,1,5,0,0.624
O=CC1=C2C=CC=CC2=CC3=C1C=CC=C3,7.27,3.81,206.24,17.07,0,1,1,3,0.437
BrN1C(=O)CCC1=O,5.62,0.45,177.98,37.38,0,2,0,0,0.398
CCCCCCCCCCCCCCCC1=C(N)C=CC(=C1)O,4.25,6.61,319.53,46.25,2,2,14,1,0.23
C(COC1=C(C=CC=C1)C2=CC=CC=C2)OC3=CC=CC=C3C4=CC=CC=C4,6.12,6.48,366.46,18.46,0,2,7,4,0.349
CCCCSCC,6.44,2.54,118.24,0.0,0,1,4,0,0.511
CC(=O)NC1=NC2=C(C=C1)C(=CC=N2)O,6.76,1.29,203.2,75.11,2,4,1,2,0.732
CC1=C2C=CC(=NC2=NC(=C1)O)N,7.48,1.23,175.19,72.03,2,4,0,2,0.631
CCOC(=O)C1=CN=C2N=C(N)C=CC2=C1O,6.56,1.09,233.23,98.33,2,6,2,2,0.753
CC1=CC(=NC=C1)N=CC2=CC=CC=C2,7.41,3.14,196.25,25.25,0,2,2,2,0.677
C[N+](C)(C)CC1=CC=CC=C1,6.82,1.89,150.24,0.0,0,0,2,1,0.565
C[N+](C)(C)C(=O)C1=CC=CC=C1,6.8,1.53,164.23,17.07,0,1,1,1,0.575
ICCC(C1=CC=CC=C1)(C2=CC=CC=C2)C3=CC=CC=C3,6.62,5.85,398.29,0.0,0,0,5,3,0.288
CC1=CC(=C(C[N+](C)(C)C)C(=C1)C)C,7.08,2.82,192.33,0.0,0,0,2,1,0.632
C[C](O)(CC(O)=O)C1=CC=C(C=C1)[N+]([O-])=O,6.3,1.28,225.2,100.67,2,4,4,1,0.593
CC1=CC=C(C=C1)C(=O)C2=CC=C(Cl)C=C2,7.33,3.88,230.69,17.07,0,1,2,2,0.716
ON=CC1=CC=C(O)C=C1,6.6,1.2,137.14,52.82,2,3,1,1,0.347
CC1=CC(=C(N)C(=C1)C)C,7.2,2.19,135.21,26.02,1,1,0,1,0.542
CC1=CC=C(C=C1)C(=O)C2=CC=C(C=C2)[N+]([O-])=O,7.26,3.13,241.25,60.21,0,3,3,2,0.471
CC(O)(C1=CC=CC=C1)C2=CC=CC=C2,7.85,2.94,198.26,20.23,1,1,2,2,0.786
ON=CC1=CC(=CC=C1)[N+]([O-])=O,5.87,1.4,166.14,75.73,1,4,2,1,0.312
OC1=C2C=CC(=CC2=NC=C1[N+]([O-])=O)Cl,7.27,2.5,224.6,76.26,1,4,1,2,0.596
CC1=CC=CC2=NC=C(C)C(=C12)Cl,7.36,3.51,191.66,12.89,0,1,0,2,0.621
CCC(CC)([CH](OC(N)=O)C1=CC=CC=C1)C2=CC=CC=C2,7.0,4.58,297.4,52.32,1,2,6,2,0.848
ON=C(CC1=CC=CC=C1)[CH](C#N)C2=CC=CC=C2,6.52,3.37,250.3,56.38,1,3,4,2,0.514
O[CH](CC1=CC=CC=C1)C2=CC=CC=C2,7.46,2.96,198.26,20.23,1,1,3,2,0.804
COC1=CC=C(CC2=CC=C(OC)C=C2)C=C1,7.43,3.29,228.29,18.46,0,2,4,2,0.799
CN(C)[CH](C1=CC=CC=C1)C2=C(C)C=CC=C2,7.78,3.65,225.33,3.24,0,1,3,2,0.77
COC1=CC(=C(N)C(=C1)[N+]([O-])=O)[N+]([O-])=O,5.56,1.09,213.15,121.53,1,6,3,1,0.455
NN=C(C1=CC=CC=C1)C2=CC=CC=C2,7.29,2.4,196.25,38.38,1,2,2,2,0.447
COC1=CC=C(C=C1)C=NO,6.52,1.5,151.16,41.82,1,3,2,1,0.395
C1=CC=C(C=C1)C(N=C(C2=CC=CC=C2)C3=CC=CC=C3)C4=CC=CC=C4,6.11,6.31,347.46,12.36,0,1,5,4,0.375
C1=CC=C(C=C1)N=C(C2=CC=CC=C2)C3=CC=CC=C3,7.19,4.86,257.34,12.36,0,1,3,3,0.594
CC1=C(C2=CC=CC=C2)C(=C3C=CC=CC3=N1)O,7.81,3.92,235.29,33.12,1,2,1,3,0.693
CCC1=[O+][Cu]2([O+]=C(CC)C1)[O+]=C(CC)CC(=[O+]2)CC,6.6,2.67,319.89,45.2,0,0,4,0,0.434
OC(=O)[CH](CC1=CC=CC=C1)C2=CC=CC=C2,7.71,3.1,226.28,37.3,1,1,4,2,0.869
CCC1=C(N)C=C(C)N=C1,6.54,1.53,136.2,38.91,1,2,1,1,0.636
CC1=C(C2=CC=CC=C2)C(=C3C=CC=CC3=N1)OC4=CC=CC=C4,6.87,6.0,311.38,22.12,0,2,3,4,0.463
N#C[CH](C(C1=CC=CC=C1)C2=CC=CC=C2)C3=CC=CC=C3,7.02,5.13,283.37,23.79,0,1,4,3,0.651
C[CH](C#N)N(C)C,5.66,0.46,98.15,27.03,0,2,1,0,0.476
CC(=O)[CH]1CC2=C(C=CC=C2)C1=O,6.93,1.63,174.2,34.14,0,2,1,1,0.606
O=S(CC1=CC=CC=C1)CC2=CC=CC=C2,7.73,3.14,230.33,17.07,0,1,4,2,0.788
C[CH](C1=CC=CC=C1)[C](C)(C#N)C2=CC=CC=C2,7.53,4.27,235.33,23.79,0,1,3,2,0.779
CC1=C2CCCCC2=NC(=N1)O,6.65,1.37,164.21,46.01,1,3,0,1,0.63
N(C(C1=CC=CC=C1)C2=CC=CC=C2)C(C3=CC=CC=C3)C4=CC=CC=C4,6.75,6.16,349.48,12.03,1,1,6,4,0.44
OC1=C2C=CC=CC2=C(N=N1)C3=CC=CC=C3,7.93,3.0,222.25,46.01,1,3,1,3,0.688
CC(C)(C(N)=O)C1=CC=CC=C1,7.21,1.45,163.22,43.09,1,1,2,1,0.704
OC(=O)C(C1=CC=CC=C1)(C2=CC=CC=C2)C3=CC=CC=C3,7.6,4.11,288.35,37.3,1,1,4,3,0.734
CCC[N+](CCC)(CCC)CC1=CC=CC=C1,6.63,4.23,234.41,0.0,0,0,8,1,0.59
CC1=CC(=C(CC(=O)C2=CC=CC=C2)C(=C1)C)C,7.11,4.04,238.33,17.07,0,1,3,2,0.738
COC(C1=CC=CC=C1)(C2=CC=CC=C2)C3=CC=CC=C3,7.14,4.62,274.36,9.23,0,1,4,3,0.63
CCC(CC)(CC)[CH](OC(=O)C1=C(C=CC=C1)C(O)=O)C2=CC=CC=C2,6.2,5.5,354.45,63.6,1,3,8,2,0.636
CC(=O)C(CC1=CC=CC=C1)(C2=CC=CC=C2)C3=CC=CC=C3,7.59,4.8,300.4,17.07,0,1,5,3,0.661
O=S(=O)(CC1=CC=CC=C1)CC2=CC=CC=C2,7.27,2.8,246.33,34.14,0,2,4,2,0.831
CC(C)(C)OC(=O)C(C1=CC=CC=C1)C2=CC=CC=C2,7.48,4.16,268.36,26.3,0,2,3,2,0.781
N#CC(CC1=CC=CC=C1)(C2=CC=CC=C2)C3=CC=CC=C3,7.41,4.74,283.37,23.79,0,1,4,3,0.678
CC(=CC1=CC=CC=C1)C2=CC=CC=C2,7.37,4.25,194.28,0.0,0,0,2,2,0.627
N#C[CH](CC1=CC=CC=C1)C2=CC=CC=C2,7.53,3.54,207.28,23.79,0,1,3,2,0.755
C[C](O)([CH](C(O)=O)C1=CC=CC=C1)C2=CC=CC=C2,8.02,2.76,256.3,57.53,2,2,4,2,0.884
C[CH]([CH](C(O)=O)C1=CC=CC=C1)C2=CC=CC=C2,7.58,3.66,240.3,37.3,1,1,4,2,0.885
ON=CC1=CC=C(Cl)C=C1,7.38,2.15,155.58,32.59,1,2,1,1,0.376
COC(C1=CC=CC=C1)C2=CC=CC=C2,6.9,3.42,198.26,9.23,0,1,3,2,0.734
O=C(NC(C1=CC=CC=C1)C2=CC=CC=C2)C3=CC=CC=C3,7.99,4.21,287.36,29.1,1,1,4,3,0.765
C[N+](C)(CC1=CC=CC=C1)CC2=CC=CC=C2,7.62,3.46,226.34,0.0,0,0,4,2,0.7
C1C(=[O+][Cu]2([O+]=C(CC(=[O+]2)C3=CC=CC=C3)C=CC4=CC=CC=C4)[O+]=C1C5=CC=CC=C5)C=CC6=CC=CC=C6,5.25,7.08,564.14,45.2,0,0,6,4,0.104
ON=CC1=CC2=C(OCO2)C=C1,6.42,1.22,165.15,51.05,1,4,1,1,0.386
CCOC(=O)C(NC(=O)C1=CC=CC=C1)C(=O)OCC,5.22,0.91,279.29,81.7,1,5,6,1,0.618
NC1=CC=C(Cl)N=C1,6.84,1.32,128.56,38.91,1,2,0,1,0.536
C1CCN(CC1)C(C2=CC=CC=C2)C3=CC=CC=C3,7.56,4.26,251.37,3.24,0,1,3,2,0.787
CCOC(=O)C1=C(O)C2=CC=C(Cl)C(=C2N=C1)C,7.72,3.08,265.7,59.42,1,4,2,2,0.848
CCN(CC)C(=O)C=CC1=CC=CC=C1,6.87,2.57,203.28,20.31,0,1,4,1,0.689
C[N+](C)(C)CC1=CC=C(C=C1)[N+]([O-])=O,6.25,1.8,195.24,43.14,0,2,3,1,0.419
C[N+](C)(C)CC1=CC=CC(=C1)[N+]([O-])=O,6.32,1.8,195.24,43.14,0,2,3,1,0.419
O=C(C[CH](N1CCCCC1)C2=CC=CC=C2)C3=CC=CC=C3,7.23,4.49,293.41,20.31,0,2,5,2,0.757
COC(N(C)C)(C1=CC=CC=C1)C2=CC=CC=C2,7.49,3.1,241.33,12.47,0,2,4,2,0.763
CN(C)CCC(=O)C1=CC=CC=C1,6.61,1.82,177.25,20.31,0,2,4,1,0.654
CCCCN(CCCC)C(C)=O,6.53,2.44,171.28,20.31,0,1,6,0,0.601
CC1=C(CO)C=CC=C1,7.19,1.49,122.17,20.23,1,1,1,1,0.598
CCN(CC)CCC(=O)OC,5.96,0.89,159.23,29.54,0,3,5,0,0.558
Cl[CH](CC1=CC=CC=C1)C2=CC=CC=C2,7.33,4.21,216.71,0.0,0,0,3,2,0.675
CC(C)CC(=O)CC(C)=O,6.05,1.58,142.2,34.14,0,2,4,0,0.558
CCN(CC)CCC#N,5.97,1.24,126.2,27.03,0,2,4,0,0.566
COC1=CC=C(CC#N)C=C1,6.41,1.76,147.18,33.02,0,2,2,1,0.638
CN(CC1=CC=CC=C1)C2=CC=CC=C2,7.68,3.32,197.28,3.24,0,1,3,2,0.729
COC1=CC=C(C=C1)C(C)(C)C#N,7.03,2.5,175.23,33.02,0,2,2,1,0.691
CCC(CC)([CH](O)C1=CC=CC=C1)C2=CC=CC=C2,7.39,4.48,254.37,20.23,1,1,5,2,0.834
CC(OC(=O)C1=CC=CC=C1)=CC2=CC=CC=C2,7.09,3.9,238.29,26.3,0,2,3,2,0.598
CCN(CC)C(C)=O,5.8,0.87,115.18,20.31,0,1,2,0,0.523
CCCCO[CH](N1CCCCC1)C2=CC=CC=C2,6.63,3.99,247.38,12.47,0,2,6,1,0.705
CCCCCCCCN(CC)CC,6.11,3.69,185.35,3.24,0,1,9,0,0.495
CCO[CH](C)C1=CC=CC=C1,6.94,2.78,150.22,9.23,0,1,3,1,0.643
CCN(CC)C(=O)CC,6.25,1.26,129.2,20.31,0,1,3,0,0.562
CCCCOC(OCCCC)C1=CC=CC=C1,6.27,4.32,236.35,18.46,0,2,9,1,0.469
C[Si](C)(C)CC1=CC=CC=C1,7.81,3.11,164.32,0.0,0,0,2,1,0.589
CCN(CC)CCCCCCNC1=C2C=CC(=CC2=NC=C1)Cl,6.31,5.2,333.91,28.16,1,3,10,2,0.605
CC(=O)C1=CC(=C(O)C(=C1)C)C,7.25,2.21,164.2,37.3,1,2,1,1,0.646
CCOC(=O)C1=CC=C(C=C1)S(=O)(=O)N(CC)CC,6.15,1.89,285.37,63.68,0,4,6,1,0.749
CC(=O)C1=CC=NC=C1,6.14,1.28,121.14,29.96,0,2,1,1,0.524
CC1=C(C)C(=C(C[N+](C)(C)C)C(=C1)C)C,7.38,3.13,206.35,0.0,0,0,2,1,0.652
OCC(F)(F)C(F)F,6.45,0.88,132.06,20.23,1,1,2,0,0.553
OCC(F)(F)C(F)(F)C(F)(F)C(F)F,7.49,2.15,232.07,20.23,1,1,4,0,0.736
OCC(F)(F)C(F)(F)C(F)(F)C(F)(F)C(F)(F)C(F)F,6.73,3.42,332.08,20.23,1,1,6,0,0.739
FC(F)C(F)(F)C(F)(F)C(F)(F)COC(=O)CCCC(=O)OCC(F)(F)C(F)(F)C(F)(F)C(F)F,4.26,5.59,560.23,52.6,0,4,14,0,0.206
CC(CC(=O)OCC(F)(F)C(F)(F)C(F)(F)C(F)F)CC(=O)OCC(F)(F)C(F)(F)C(F)(F)C(F)F,4.0,5.83,574.25,52.6,0,4,14,0,0.194
FC(F)C(F)(F)C(F)(F)C(F)(F)COC(=O)C1=C(C=CC=C1)C(=O)OCC(F)(F)C(F)(F)C(F)(F)C(F)F,3.86,6.34,594.24,52.6,0,4,12,1,0.21
CN1C2=C(SC3=C1C=CC=C3)C=CC=C2,7.9,3.92,213.31,3.24,0,2,0,2,0.652
CCN1C2=C(SC3=C1C=CC=C3)C=CC=C2,7.67,4.31,227.33,3.24,0,2,1,2,0.714
CCN1C2=C(C=CC=C2)[S](=O)C3=C1C=CC(=C3)[N+]([O-])=O,7.09,3.23,288.33,63.45,0,4,2,2,0.628
CN1C2=C(C=CC=C2)S(=O)C3=C1C=CC=C3,7.38,2.93,229.3,20.31,0,2,0,2,0.692
ClCC(=O)C1=CC2=C(SC3=CC=CC=C3N2)C=C1,7.59,4.32,275.76,29.1,1,3,2,2,0.558
CC[N+]([O-])(CC)CCCN1C2=C(C=CC=C2)S(=O)C3=C1C=CC=C3,6.3,4.05,344.48,43.37,0,3,6,2,0.586
COC(=O)C1=C2NC3=CC=CC=C3SC2=CC=C1,7.55,3.68,257.31,38.33,1,4,1,2,0.675
CC(=O)N1C2=C(SC3=C1C=C(C=C3)C(=O)CCl)C=CC=C2,7.53,4.26,317.8,37.38,0,3,2,2,0.613
CC(=O)N1C2=C(SC3=C1C=CC4=C3C=CC=C4)C=CC=C2,7.15,4.99,291.38,20.31,0,2,0,3,0.581
S1C2=CC3=CC=CC=C3C=C2N=C1C4=CC=CC=C4,7.43,5.12,261.35,12.89,0,2,1,4,0.463
O=C1CSC2=C(N1)C=CC=C2,7.23,1.73,165.22,29.1,1,2,0,1,0.634
C1CN(CCO1)[Se][Se]N2CCOCC2,4.17,-1.2,330.15,24.94,0,4,3,0,0.608
CCN(CC)N=O,5.47,1.01,102.14,32.67,0,2,3,0,0.393
CCCN(CCC)N=O,6.04,1.79,130.19,32.67,0,2,5,0,0.42
CC(C)CN(CC(C)C)N=O,5.89,2.28,158.24,32.67,0,2,5,0,0.454
CCCCN(CC)N=O,6.14,1.79,130.19,32.67,0,2,5,0,0.42
CCCC[CH](CC)CN(C[CH](CC)CCCC)N=O,4.56,5.4,270.46,32.67,0,2,13,0,0.331
CN(N=O)C1=CC=CC=C1,7.03,1.8,136.15,32.67,0,2,2,1,0.458
O=NN1CCCCC1,5.96,1.15,114.15,32.67,0,2,1,0,0.479
O=NN1CCOCC1,5.23,0.0,116.12,41.9,0,3,1,0,0.453
CCCCOC(=O)C=CC(=O)OCCCC,5.72,2.23,228.29,52.6,0,4,8,0,0.363
OC(=O)CBr,5.82,0.47,138.95,37.3,1,1,1,0,0.536
OC(=O)CCl,6.04,0.31,94.5,37.3,1,1,1,0,0.475
OC(=O)C=CC(=O)C1=CC=CC=C1,6.95,1.51,176.17,54.37,1,2,3,1,0.561
NC1=C(C=CC=C1)C(O)=O,6.34,0.97,137.14,63.32,2,2,1,1,0.567
OP(O)(=O)C1=CC=CC=C1,6.67,0.49,158.09,57.53,2,1,1,1,0.584
OS(=O)(=O)C1=CC=CC=C1,6.65,0.93,158.18,54.37,1,2,1,1,0.618
NC1=C(C=CC=C1)S(O)(=O)=O,6.4,0.52,173.19,80.39,2,3,1,1,0.479
OS(=O)(=O)C1=CC(=C(Cl)C(=C1)[N+]([O-])=O)[N+]([O-])=O,5.22,1.4,282.62,140.65,1,6,3,1,0.501
OC(=O)C1=CC=CC=C1,6.67,1.38,122.12,37.3,1,1,1,1,0.611
OC(=O)C1=C(Cl)C=C(C=C1)[N+]([O-])=O,6.7,1.95,201.56,80.44,1,3,2,1,0.586
CCCCC(=CC1=CC(=C(O)C(=C1)Cl)Cl)C(O)=O,7.0,4.36,289.16,57.53,2,2,5,1,0.792
OC(=O)C(CC1=CC=CC=C1)=CC2=CC(=C(O)C(=C2)I)I,7.18,4.31,506.08,57.53,2,2,4,2,0.481
CCCCC(=CC1=CC(=C(O)C(=C1)I)I)C(O)=O,6.8,4.26,472.06,57.53,2,2,5,1,0.498
CCCCCCC(=CC1=CC=C(O)C=C1)C(O)=O,6.55,3.83,248.32,57.53,2,2,7,1,0.569
OC(=O)C(=CC1=CC(=C(O)C(=C1)Br)Br)C2=CC=C(I)C=C2,6.79,5.15,523.95,57.53,2,2,3,2,0.332
OC(=O)C(=CC1=CC(=C(O)C(=C1)Cl)Cl)C2=CC=C(I)C=C2,6.97,4.93,435.04,57.53,2,2,3,2,0.409
OC(=O)C(=CC1=CC(=C(O)C(=C1)I)I)C2=CC=C(I)C=C2,6.67,4.83,617.95,57.53,2,2,3,2,0.295
CC(=CC1=CC=C(O)C=C1)C(O)=O,7.61,1.88,178.19,57.53,2,2,2,1,0.68
OC(=O)C(=CC1=C(O)C(=CC(=C1)Br)Br)C2=CC=CC=C2,7.32,4.54,398.05,57.53,2,2,3,2,0.59
OC(=O)C(=CC1=CC(=C(O)C(=C1)Br)Br)C2=CC=CC=C2,6.91,4.54,398.05,57.53,2,2,3,2,0.59
OC(=O)C(=CC1=CC(=C(O)C(=C1)Cl)Cl)C2=CC=CC=C2,7.5,4.32,309.15,57.53,2,2,3,2,0.655
OC(=O)C(=CC1=CC=CC(=C1)O)C2=CC=CC=C2,7.29,3.02,240.26,57.53,2,2,3,2,0.64
NC1=CC(=C(C=C1)C=CC2=C(C=C(N)C=C2)S(O)(=O)=O)S(O)(=O)=O,6.51,1.51,370.41,160.78,4,6,4,2,0.358
OS(=O)(=O)CCS(O)(=O)=O,4.32,-1.24,190.2,108.74,2,4,3,0,0.539
O[CH]1O[CH]([CH](O)[CH](O)[CH]1O)C(O)=O,2.0,-3.13,194.14,127.45,5,6,1,0,0.298
OCC(O)=O,5.2,-0.94,76.05,57.53,2,2,1,0,0.424
CC(C)[CH](Br)C(O)=O,6.75,1.49,181.03,37.3,1,1,2,0,0.655
NC1=C2C=CC=CC2=C(C=C1)S(O)(=O)=O,7.36,1.67,223.25,80.39,2,3,1,2,0.569
CCOC(=O)N(C1=CC=CC=C1)C2=CC3=C(C=C2)C(=CC(=C3)S(O)(=O)=O)O,7.53,4.09,387.41,104.14,2,5,4,3,0.654
CCOP(=O)(NC1=CC(=CC=C1)Cl)OCC,6.65,3.93,263.66,47.56,1,3,6,1,0.79
OC(=O)C1=CC=CC=N1,6.34,0.78,123.11,50.19,1,2,1,1,0.6
C[CH](Br)C(O)=O,6.15,0.85,152.97,37.3,1,1,1,0,0.567
C[CH](Cl)C(O)=O,6.03,0.7,108.52,37.3,1,1,1,0,0.502
OC(=O)CCCl,6.16,0.7,108.52,37.3,1,1,2,0,0.529
OC(=O)[CH](Br)CBr,6.68,1.23,231.87,37.3,1,1,2,0,0.727
OC(=O)C1=NC(=CC=C1)C(O)=O,6.27,0.48,167.12,87.49,2,3,2,1,0.668
OC(=O)C1=CC=C(N=C1)C(O)=O,6.41,0.48,167.12,87.49,2,3,2,1,0.668
OC(=O)C1=C(C=NC=C1)C(O)=O,6.2,0.48,167.12,87.49,2,3,2,1,0.668
CC(=O)C(O)=O,5.64,-0.34,88.06,54.37,1,2,1,0,0.446
OC(=O)C1=C(O)C=CC=C1,6.81,1.09,138.12,57.53,2,2,1,1,0.61
OC(=O)C1=C(O)C(=CC(=C1)[N+]([O-])=O)[N+]([O-])=O,6.28,0.91,228.12,143.81,2,6,3,1,0.577
OC(=O)C1=C(O)C(=CC=C1)[N+]([O-])=O,6.34,1.0,183.12,100.67,2,4,2,1,0.526
OC(=O)C1=CC(=CC=C1O)[N+]([O-])=O,5.97,1.0,183.12,100.67,2,4,2,1,0.526
CCC[CH](Br)C(O)=O,6.36,1.63,181.03,37.3,1,1,3,0,0.672
C[CH]1C[CH](C)C(=O)[CH](C1)[CH](O)CC2CC(=O)NC(=O)C2,6.22,1.04,281.35,83.47,2,4,3,0,0.757
C[CH]1OC=C2C(=C(C(O)=O)C(=O)C(=C2[CH]1C)C)O,6.41,1.72,250.25,83.83,2,4,1,0,0.692
CCCCOC(N)=O,6.2,0.88,117.15,52.32,1,2,3,0,0.558
CC1=C(NC(=O)OCCCl)C=CC=C1,7.31,2.78,213.66,38.33,1,2,3,1,0.785
ClCCOC(=O)NC1=CC=CC=C1,7.13,2.47,199.64,38.33,1,2,3,1,0.76
CCOC(=O)NCC=C,5.95,0.92,129.16,38.33,1,2,3,0,0.575
CC1=CC=C(S)C=C1,7.16,2.28,124.21,0.0,1,1,0,1,0.504
[O-][N+](=O)C1=CC(=C(SSC2=C(C=C(C=C2)[N+]([O-])=O)[N+]([O-])=O)C=C1)[N+]([O-])=O,4.68,4.12,398.33,172.56,0,10,7,2,0.375
OC1(CCCC1)C#CC2(O)CCCC2,7.14,1.6,194.27,40.46,2,2,0,0,0.575
O=C(C1=CC=CC=C1)C(C2=CC=CC=C2)(C3=CC=CC=C3)C4=CC=CC=C4,6.76,5.9,348.45,17.07,0,1,5,4,0.324
CNCC(N)=O,4.23,-1.31,88.11,55.12,2,2,2,0,0.44
O=C(C=CC1=CN=CC=C1)C2=CC=CC=C2,7.24,2.98,209.25,29.96,0,2,3,2,0.574
O=C(C=CC1=NC=CC=C1)C2=CC=CC=C2,7.3,2.98,209.25,29.96,0,2,3,2,0.574
C[CH]([CH](O)C1=CC=CC=N1)C(=O)C2=CC=CC=C2,7.1,2.63,241.29,50.19,1,3,4,2,0.837
CC[C](C)(O)C#C[C]1(O)CCCC[CH]1C,7.08,2.09,210.32,40.46,2,2,1,0,0.651
CC(=O)NC1=CC(=CC(=C1)C)C,7.38,2.26,163.22,29.1,1,1,1,1,0.676
OS(=O)(=O)C1=C2C(=O)C3=CC=CC(=C3C(=O)C2=CC=C1)S(O)(=O)=O,5.82,0.96,368.34,142.88,2,6,2,2,0.637
OS(=O)(=O)C1=C2C(=O)C3=C(C=CC=C3C(=O)C2=CC=C1)S(O)(=O)=O,6.19,0.96,368.34,142.88,2,6,2,2,0.637
[O-][N+](=O)C1=C(SSC2=C(C=CC=C2)[N+]([O-])=O)C=CC=C1,6.12,4.3,308.34,86.28,0,6,5,2,0.465
ClC1=CC=C(C=N1)N=CC2=CC=CC=C2,7.55,3.49,216.67,25.25,0,2,2,2,0.557
OC(=O)C1=C(NC(=O)NC2=C(C=CC=C2)C(O)=O)C=CC=C1,7.7,2.73,300.27,115.73,4,3,4,2,0.693
CC(C)(O)C1=CC=CC2=C(C=CC=C12)C(C)(C)O,7.56,3.29,244.33,40.46,2,2,2,2,0.851
COC(=N)CCOC(=O)C1=CC=CC=C1,6.15,1.86,207.23,59.38,1,4,4,1,0.465
CC1=CC=C(C=C1)S(=O)(=O)C2=CC=C(C)C=C2,7.57,3.14,246.33,34.14,0,2,2,2,0.815
O=C(SSC(=O)C1=CC=CC=C1)C2=CC=CC=C2,7.24,4.05,274.37,34.14,0,4,2,2,0.774
CC(C)(CCC(O)=O)CCC(O)=O,6.41,1.74,188.22,74.6,2,2,6,0,0.665
OC(=O)CC1=CC=C(SSC2=CC=C(CC(O)=O)C=C2)C=C1,7.9,3.74,334.42,74.6,2,4,7,2,0.751
ClS(=O)(=O)C1=CC=C(OC2=CC=C(C=C2)S(Cl)(=O)=O)C=C1,6.79,3.33,367.23,77.51,0,5,4,2,0.775
OC(=O)C1=C(SSC2=C(C=CC=C2)C(O)=O)C=CC=C1,7.41,3.88,306.36,74.6,2,4,5,2,0.816
CC(=O)C1=CC=C(OC2=CC=C(C=C2)C(C)=O)C=C1,7.24,3.88,254.28,43.37,0,3,4,2,0.777
CCCC(=O)OC1=C(C=CC=C1)C(O)=O,6.76,2.09,208.21,63.6,1,3,4,1,0.607
CC(C)C1=CC=C(C=CC(O)=O)C=C1,7.18,2.91,190.24,37.3,1,1,3,1,0.744
CC(=O)NC1=CC=C(C=C1)S(N)(=O)=O,6.32,0.29,214.25,89.26,2,3,2,1,0.741
NC1=C(Cl)C=C(C=C1Cl)[N+]([O-])=O,6.53,2.48,207.02,69.16,1,3,1,1,0.436
C[CH](O)C1=CC=C(OC2=CC=C(C=C2)[CH](C)O)C=C1,7.53,3.59,258.32,49.69,2,3,4,2,0.881
CCCCCCCCCCCC(=O)NC1=CC=C(SSC2=CC=C(NC(=O)CCCCCCCCCCC)C=C2)C=C1,2.0,12.2,612.99,58.2,2,4,25,2,0.086
CCSC(=N)CCCl,6.61,2.35,151.66,23.85,1,2,3,0,0.374
BrC1=CC=C(C=C1)C(=O)CCC(=O)C2=CC=C(Br)C=C2,7.15,5.06,396.08,34.14,0,2,5,2,0.663
CCCCCC(=O)OC1=C(C=CC=C1)C(O)=O,5.96,2.87,236.27,63.6,1,3,6,1,0.468
CC(=S)N1CCCCC1,6.96,1.82,143.25,3.24,0,1,0,0,0.476
CC(=O)C1=CC=CC2=C(C=CC=C12)C(C)=O,6.95,3.25,212.25,34.14,0,2,2,2,0.716
CCOC(=O)CCCCCN,5.6,1.07,159.23,52.32,1,3,6,0,0.466
CC1=CC=C(C=C1)S(=O)(=O)CC2=CC=CC=C2,7.65,2.97,246.33,34.14,0,2,3,2,0.834
N[CH](CCCCCC[CH](N)C(O)=O)C(O)=O,5.0,0.15,232.28,126.64,4,4,9,0,0.419
SC1=C2C=CC=C(S)C2=CC=C1,7.9,3.42,192.31,0.0,2,2,0,2,0.587
CC(=C)C[C](C)(O)C1=C2C=CC=CC2=CC=C1,7.47,4.01,226.32,20.23,1,1,3,2,0.784
NC1=CC=C(C=C1)C(=O)C=CC2=NC=CC=C2,7.24,2.56,224.26,55.98,1,3,3,2,0.495
CN(C)CCC#N,5.59,0.46,98.15,27.03,0,2,2,0,0.501
CCOC(=O)C[CH](C(C)=O)C(=O)OCC,5.05,0.71,216.23,69.67,0,5,6,0,0.483
CCCC=C(C)C#CC1=CCCCC1,6.8,4.24,188.31,0.0,0,0,2,0,0.569
CC(=O)OCCC#N,5.25,0.46,113.12,50.09,0,3,2,0,0.386
CCOC(=O)N1CCCCC1,6.98,1.63,157.21,29.54,0,2,1,0,0.579
O=C(OCCC#N)C1=CC=CC=C1,6.54,1.76,175.19,50.09,0,3,3,1,0.519
C[C]12CCCC[CH]1C3=C(CCCC3)CC2,6.16,4.85,204.36,0.0,0,0,0,0,0.495
CC(=O)N1CCCCC1,6.39,1.02,127.19,20.31,0,1,0,0,0.475
C1CCC2=C(C1)C=CC3=C2CCCC3,7.31,3.44,186.3,0.0,0,0,0,1,0.582
CCCCOCOCCCC,6.24,2.58,160.26,18.46,0,2,8,0,0.401
COC(=O)CCCCCCCCCCS,5.72,3.6,232.39,26.3,1,3,10,0,0.354
CC(=O)C[CH](SCCSCCS[CH](CC(C)=O)C1=CC=CC=C1)C2=CC=CC=C2,4.22,6.63,446.7,34.14,0,5,14,2,0.304
CO[CH]([CH]([Hg]Br)C(=O)O[CH]1C[CH]2CC[C]1(C)C2(C)C)C3=CC=CC=C3,5.77,5.31,595.93,35.53,0,3,6,1,0.33
O=C(CC(C1=CC=CC=C1)(C2=CC=CC=C2)C3=CC=CC=C3)C4=CC=CC=C4,6.53,6.29,362.47,17.07,0,1,6,4,0.291
CC(C)CSC(C)=S,6.49,2.72,148.3,0.0,0,2,2,0,0.552
NC1=CC(=C(Cl)C=C1)Cl,7.35,2.58,162.02,26.02,1,1,0,1,0.583
OP(O)(F)=O,5.81,0.05,99.98,57.53,2,1,0,0,0.423
CC(=NNP(=O)(OC1=CC=CC=C1)OC2=CC=CC=C2)C3=CC=C(Cl)C=C3,5.68,5.92,400.8,59.92,1,4,7,3,0.304
NP(N)(=O)C1=CC=CC=C1,6.92,0.42,156.12,69.11,2,1,1,1,0.579
NC1=NC(=NC=N1)N,4.98,-0.96,111.11,90.71,2,5,0,1,0.449
NS(N)(=O)=O,3.49,-1.85,96.11,86.18,2,2,0,0,0.371
NN.OB1OB(O1)OB2OB(O)O2,2.0,-4.16,189.3,138.65,4,9,2,0,0.193
O=P(NC1CCCCC1)(OC2=CC=CC=C2)OC3=CC=CC=C3,7.09,5.17,331.35,47.56,1,3,6,2,0.741
CCCCOP(=O)(N1CCOCC1)N2CCOCC2,5.92,1.58,292.32,51.24,0,4,6,0,0.547
CCO[P](N)(=O)C1=CC=CC=C1,6.39,1.5,185.16,52.32,1,2,3,1,0.726
CC1=NC(=NC(=N1)N)N,5.06,-0.66,125.14,90.71,2,5,0,1,0.48
NNP(=S)(NN)C1=CC=CC=C1,6.07,-0.45,202.22,76.1,4,3,3,1,0.303
NNC(=S)NNC1=CC=CC=C1,6.36,0.35,182.25,62.11,4,3,2,1,0.302
CCNS(=O)(=O)NCC,5.29,-0.55,152.22,58.2,2,2,4,0,0.568
CC(=O)CC(C)(C)NNC(N)=S,5.85,0.08,189.28,67.15,3,3,4,0,0.432
O=P(NC1=CC=CC=C1)(NC2=CC=CC=C2)NC3=CC=CC=C3,6.98,5.43,323.34,53.16,3,1,6,3,0.529
OS(=O)(=O)N(S(O)(=O)=O)S(O)(=O)=O,2.37,-2.3,257.22,166.35,3,6,3,0,0.471
NNC(=O)C(=O)NN,2.0,-3.03,118.1,110.24,4,4,0,0,0.117
OC1=C(C=CC=C1)C=NNC(=O)NC2=NN=NN2,5.7,0.06,247.22,128.18,4,6,3,2,0.45
NC(=O)NNC(=O)NNC(N)=O,3.15,-2.55,176.14,151.37,6,3,0,0,0.225
NC(=S)NN=CC1=CC=CC=C1,6.26,0.85,179.25,50.41,2,2,2,1,0.402
CC(=NNC(=S)NN=C(C)C1=CC=CC=C1)C2=CC=CC=C2,7.74,3.3,310.43,48.78,2,3,4,2,0.517
CC(=NN=C(C)C1=CC=C(Cl)C=C1)C2=CC=C(Cl)C=C2,6.27,5.23,305.21,24.72,0,2,3,2,0.548
CCOC(=O)NC1=NN=NN1,5.36,-0.23,157.13,92.79,2,5,2,1,0.618
CS(N)(=O)=O,4.64,-1.1,95.12,60.16,1,2,0,0,0.415
CCOC(=O)NC(N)=O,5.76,-0.19,132.12,81.42,2,3,1,0,0.518
N#CC1=C2C=CC=CC2=NC3=CC=CC=C13,7.33,3.26,204.23,36.68,0,2,0,3,0.527
ClC1=CC=C(C=C1)C(=O)C(=O)C2=CC=C(Cl)C=C2,7.36,4.06,279.12,34.14,0,2,3,2,0.627
O=C(NCCCCCCNC(=O)C1=CC=CC=C1)C2=CC=CC=C2,7.07,3.41,324.42,58.2,2,2,9,2,0.695
O=C(C[CH](N1CCN(CC1)CC2=CC=CC=C2)C(=O)C3=CC=CC=C3)C4=CC=CC=C4,6.4,4.33,412.53,40.62,0,4,8,3,0.517
OC(=O)C1=CC=C(Cl)N=C1,6.96,1.43,157.56,50.19,1,2,1,1,0.628
OC1=C(C2CCCCC2)C(=O)C3=C(C=CC=C3)C1=O,7.22,3.46,256.3,54.37,1,3,1,1,0.837
O=C([CH](CC1=CC=CC=C1)N2CCCCC2)C3=CC=CC=C3,7.02,3.97,293.41,20.31,0,2,5,2,0.778
CCCCN(CCCC)CCCNC1=C2CCCCC2=NC3=C1C=CC=C3.OP(O)(O)=O,6.14,4.89,465.58,105.92,4,4,11,2,0.277
ClC1=CC(=C2NC(=CC2=C1)C3=CC=CC=C3)Cl,7.63,5.14,262.14,15.79,1,0,1,3,0.624
NNC1=C(C=CC=C1)C(O)=O,6.5,0.67,152.15,75.35,3,3,2,1,0.43
NC1=CC(=CC(=C1)N)[N+]([O-])=O,6.21,0.76,153.14,95.18,2,4,1,1,0.353
NC1=CC(=CC(=C1)[N+]([O-])=O)[N+]([O-])=O,6.11,1.09,183.12,112.3,1,5,2,1,0.418
CC1(C)[CH]2CC[C]1(C)C(=O)C2=O,6.11,1.58,166.22,34.14,0,2,0,0,0.512
CC1=CC=CC(=C1N)[N+]([O-])=O,6.97,1.49,152.15,69.16,1,3,1,1,0.376
CCOC(OCC)C1=CC=CC=C1,6.35,2.76,180.25,18.46,0,2,5,1,0.649
NNC1=C(C=C(I)C=C1)C(O)=O,6.73,1.28,278.05,75.35,3,3,2,1,0.432
CC1=CC(=C(Br)C=C1)[N+]([O-])=O,7.01,2.67,216.03,43.14,0,2,1,1,0.534
BrC1=CC(=C2NC(=CC2=C1)C3=CC=CC=C3)Br,7.66,5.36,351.04,15.79,1,0,1,3,0.608
O=C1OC(=NC1=CC2=CC=CC=C2)C3=CC=CC=C3,7.0,3.03,249.27,38.66,0,3,2,2,0.606
C[CH]1CCOCO1,6.08,0.77,102.13,18.46,0,2,0,0,0.449
CC1=CC(=CC=C1I)[N+]([O-])=O,6.65,2.51,263.03,43.14,0,2,1,1,0.444
CC1=CC(=C(I)C=C1)[N+]([O-])=O,6.62,2.51,263.03,43.14,0,2,1,1,0.444
OC(=O)CCCC1=CC=CC=C1,7.29,2.09,164.2,37.3,1,1,4,1,0.739
CC1=CC(=C(O)C=C1)C(=O)C2=CC=CC=C2,7.72,2.93,212.25,37.3,1,2,2,2,0.777
CC1=C(O)C=CC(=C1)C(=O)C2=CC=CC=C2,7.46,2.93,212.25,37.3,1,2,2,2,0.777
OC(=O)C(=CC1=CC=CC=C1)C#N,6.92,1.68,173.17,61.09,1,2,2,1,0.546
CC(=O)NC1=C(C=C(I)C=C1)C(O)=O,7.28,1.95,305.07,66.4,2,2,2,1,0.821
NC1=C(Br)C=C(C=C1Cl)S(O)(=O)=O,7.12,1.93,286.53,80.39,2,3,1,1,0.61
OC(=O)CC1=CC2=C(C=CC=C2)C=C1,7.84,2.47,186.21,37.3,1,1,2,2,0.782
NC1=C(C=C(I)C=C1)C(O)=O,6.81,1.57,263.03,63.32,2,2,1,1,0.597
ClC1=CC=CC2=C1NNC2=O,7.5,1.51,168.58,48.65,2,1,0,2,0.616
CN1N=C(C)CC1=O,5.87,0.22,112.13,32.67,0,2,0,0,0.441
NC1=C(Br)C=CC=C1Br,7.7,2.79,250.92,26.02,1,1,0,1,0.705
CC(=O)NC1=CC(=CC(=C1)C)Br,7.5,2.72,228.09,29.1,1,1,1,1,0.786
CCOC(=O)CC1(O)CCCCC1,6.43,1.63,186.25,46.53,1,3,3,0,0.681
BrC1=CC(=CC(=C1)NNC2=CC(=CC(=C2)Br)Br)Br,6.79,6.18,499.83,24.06,2,2,3,2,0.493
CC1=C(NNC2=C(C)C=CC=C2)C=CC=C1,7.68,3.74,212.3,24.06,2,2,3,2,0.757
C1=CC=C(C=C1)C2=CC=C(C=C2)N=NC3=CC=C(C=C3)C4=CC=CC=C4,5.45,7.44,334.42,24.72,0,2,4,4,0.346
ClCC(=O)NC1=CC=CC=C1,7.14,1.86,169.61,29.1,1,1,2,1,0.673
O=C([CH]([CH](N1CCOCC1)C2=CC=CC=C2)N3CCOCC3)C4=CC=CC=C4,6.67,2.64,380.49,42.01,0,5,6,2,0.721
CN(N=O)S(=O)(=O)C1=CC=C(C)C=C1,6.31,1.3,214.25,66.81,0,4,3,1,0.562
O=C(NCC1=CC=CC=C1)C(=O)NCC2=CC=CC=C2,7.57,1.62,268.32,58.2,2,2,4,2,0.828
CC(=O)N([CH](C1=CC=CC=C1)C(=O)C2=CC=CC=C2)C3=CC=CC=C3,7.25,4.66,329.4,37.38,0,2,5,3,0.638
C1=CC=C(C=C1)C=CC=CC2=CC=CC=C2,7.75,4.41,206.29,0.0,0,0,3,2,0.652
O=C(NC1CCCCC1)C(=O)NC2CCCCC2,6.84,1.88,252.36,58.2,2,2,2,0,0.737
O[CH]1CCN(CC2=CC=CC=C2)C1=O,6.81,0.78,191.23,40.54,1,2,2,1,0.75
O[CH]1CCN(C2CCCCC2)C1=O,6.29,0.91,183.25,40.54,1,2,1,0,0.656
CC(=O)N(CC(=O)N(CC(O)=O)C1=CC=C(Cl)C=C1)C2=CC=C(Cl)C=C2,6.99,3.46,395.24,77.92,1,3,6,2,0.813
CCOC(=O)C(=O)N(CCC(O)=O)C1=CC=CC=C1,5.91,1.06,265.26,83.91,1,4,5,1,0.635
OC1=C(C=CC=C1)C2=NCCN2,6.78,0.74,162.19,44.62,2,3,1,1,0.639
BrCC(=O)[CH](Br)[CH](Br)C1=CC=CC=C1,7.13,3.85,384.89,17.07,0,1,4,1,0.721
OCCNCCNC(=O)C1=C(O)C(=CC(=C1)[N+]([O-])=O)[N+]([O-])=O,3.98,-0.48,314.25,167.87,4,8,8,1,0.283
COC(=O)[CH]1CN(CC2=CC=CC=C2)C(=O)C1=O,6.02,0.39,247.25,63.68,0,4,3,1,0.44
CCOC(=O)[CH]1CN(C)C(=O)C1=O,3.97,-0.79,185.18,63.68,0,4,2,0,0.321
CCOC(=O)[CH]1CN(CC)C(=O)C1=O,4.2,-0.4,199.21,63.68,0,4,3,0,0.352
CCCN1C[CH](C(=O)OCC)C(=O)C1=O,5.03,-0.01,213.23,63.68,0,4,4,0,0.374
CCOC(=O)[CH]1CN(C(C)C)C(=O)C1=O,5.02,-0.01,213.23,63.68,0,4,3,0,0.375
CCCCN1C[CH](C(=O)OCC)C(=O)C1=O,5.09,0.38,227.26,63.68,0,4,5,0,0.387
CCOC(=O)[CH]1CN(CC(C)C)C(=O)C1=O,5.08,0.23,227.26,63.68,0,4,4,0,0.392
CCOC(=O)[CH]1CN(C(=O)C1=O)C(C)(C)C,5.17,0.38,227.26,63.68,0,4,2,0,0.388
CCOC(=O)[CH]1CN(C(=O)C1=O)C2=CC=CC=C2,5.51,0.78,247.25,63.68,0,4,3,1,0.45
CCOC(=O)[CH]1CN(CC2=CC=CC=C2)C(=O)C1=O,5.67,0.78,261.28,63.68,0,4,4,1,0.456
CCOC(=O)[CH]1CN(CCC2=CC=CC=C2)C(=O)C1=O,5.42,0.82,275.3,63.68,0,4,5,1,0.453
CC(C)N(N=O)C(C)C,6.43,1.79,130.19,32.67,0,2,3,0,0.431
O=NN(C1CCCCC1)C2CCCCC2,6.35,3.64,210.32,32.67,0,2,3,0,0.526
O=NN(CC1=CC=CC=C1)CC2=CC=CC=C2,6.8,3.37,226.28,32.67,0,2,5,2,0.578
O=NN1CCN(CC1)N=O,4.9,-0.03,144.13,65.34,0,4,2,0,0.51
CC1=C(C)C(=C(Br)C(=C1C)C)C,7.52,3.99,227.14,0.0,0,0,0,1,0.628
COCC1=C(C)C=C(C)C=C1C,7.09,2.76,164.25,9.23,0,1,2,1,0.653
CC1=CC(=CC(=C1O)C)C(=O)C2=CC=CC=C2,7.44,3.24,226.28,37.3,1,2,2,2,0.798
CCC(CC)(C#N)C1=CC=CC=C1,7.12,3.27,173.26,23.79,0,1,3,1,0.688
CN(C)CCC1=C(C)C=C(C)C=C1C,7.3,2.72,191.32,3.24,0,1,3,1,0.71
CCOC(=O)C(C(C)=O)C(C)=O,4.95,0.34,172.18,60.44,0,4,4,0,0.453
[O-][N+](=O)C1=C2N=CC=CC2=CC=C1,6.8,2.14,174.16,56.03,0,3,1,2,0.491
CCCC[CH](CC)C(=O)CC(C)=O,6.19,2.75,184.28,34.14,0,2,7,0,0.57
CC(=O)CCC1=CC=C(Cl)C=C1,6.77,2.86,182.65,17.07,0,1,3,1,0.703
COC1=CC=C(C)C(=C1)CN(C)C,6.64,2.07,179.26,12.47,0,2,3,1,0.704
CC(C)(C1=CC=CC=C1)[N+](C)(C)C,7.16,2.63,178.3,0.0,0,0,2,1,0.611
CN(C)CCC1=C(C)C(=C(C)C=C1C)C,7.22,3.02,205.34,3.24,0,1,3,1,0.733
C[N+](C)(C)CC1=C(C[N+](C)(C)C)C=CC=C1,7.24,2.1,222.38,0.0,0,0,4,1,0.684
CCN(CC)CCCNC1=C2C=C(OC)C=CC2=NC3=C1C=CC(=C3)Cl,6.86,5.19,371.91,37.39,1,4,8,3,0.436
COCC(=O)C1=CC=CC=C1,6.86,1.52,150.18,26.3,0,2,3,1,0.61
CCN(CC)CCC[CH](C)NC1=C2C=C(C)C(=CC2=NC=C1C)Cl.OP(O)(O)=O,6.62,4.5,445.93,105.92,4,4,8,2,0.443
CCCCCC(=O)CC(=O)CC,6.0,2.51,170.25,34.14,0,2,7,0,0.434
CCC(CC)(CC)[CH](O)C1=CC=CC=C1,6.9,3.94,206.33,20.23,1,1,5,1,0.773
CC(C)(C)OC(=O)C[CH](O)C1=CC=CC=C1,7.03,2.45,222.28,46.53,1,3,3,1,0.799
ClC1=C2NC3=C(Cl)C(=CC(=C3SC2=C(Cl)C=C1)Cl)C#N,6.06,6.38,362.07,35.82,1,3,0,2,0.504
CN(C)C1=CC=C(C=CC(=O)C2=CC=CC=C2)C=C1,7.26,3.65,251.33,20.31,0,2,4,2,0.61
CCCCN(CCCC)C(=O)C[C](C)(O)C1=CC=CC=C1,6.41,3.71,291.43,40.54,1,2,9,1,0.753
CCOC(=O)[CH](C#N)C1=CC=CC=C1,6.67,1.86,189.21,50.09,0,3,3,1,0.682
CN(C)C(C1=CC=CC=C1)C2=CC=CC=C2,8.01,3.34,211.31,3.24,0,1,3,2,0.752
O[CH](C1=CC=C(Cl)C=C1)C(=O)C2=CC=C(Cl)C=C2,7.5,3.91,281.14,37.3,1,2,3,2,0.866
CCCC(=O)CC(=O)CC(C)C,6.28,2.36,170.25,34.14,0,2,6,0,0.573
CCN(CC)CCCC#N,6.29,1.63,140.23,27.03,0,2,5,0,0.543
CC[CH](C(=O)OC)C(=O)C1=CC=CC=C1,6.26,2.07,206.24,43.37,0,3,4,1,0.43
CC(=O)NC1=CC=C(C=C1)C(=O)[CH]([CH](N2CCOCC2)C3=CC=CC=C3)N4CCOCC4,6.6,2.6,437.54,71.11,1,6,7,2,0.672
O=C([CH]([CH](N1CCOCC1)C(=O)C2=CC=CC=C2)N3CCOCC3)C4=CC=CC=C4,6.31,2.15,408.5,59.08,0,6,7,2,0.655
O=C(C=CC1=CC=CC=C1)C2=CC=C(C=C2)N=CC3=CC=CC=C3,6.59,5.33,311.38,29.43,0,2,5,3,0.355
NC1=CC=C(C=C1)C(=O)C=CC2=CC=CC=C2,7.08,3.16,223.28,43.09,1,2,3,2,0.493
CCOC(=O)NC1=CC=C(C=C1)C(=O)C=CC2=CC=C(C=C2)N(C)C,6.7,4.22,338.41,58.64,1,4,6,2,0.633
CN(C)C1=CC=C(C=CC(=O)C2=CC=C(NC(C)=O)C=C2)C=C1,7.22,3.61,308.38,49.41,1,3,5,2,0.678
CCN(CC)C1=CC=C(C=CC(=O)C2=CC=C(NC(C)=O)C=C2)C=C1,7.05,4.39,336.44,49.41,1,3,7,2,0.603
CCCCOC1=CC=C(NC[S](=O)=O)C=N1,6.33,1.51,243.31,68.29,1,5,7,1,0.735
NC1=CC=C(C=C1)S(=O)(=O)NC2=NC=CS2.C=O,7.21,1.34,285.35,102.15,2,6,3,2,0.828
OC1=C(CCCC2=CC=C(OC3=CC=CC=C3)C=C2)C(=O)C4=C(C=CC=C4)C1=O,6.08,5.69,384.43,63.6,1,4,6,3,0.593
OC(=O)C1=C(Cl)N=CC=C1,7.06,1.43,157.56,50.19,1,2,1,1,0.628
OC(=O)CSC1=C(C=CC=C1)C(O)=O,6.76,1.56,212.23,74.6,2,3,4,1,0.741
O=C1C2=C(CCCC2)C(=O)C3=C1C=CC=C3,7.67,2.94,212.25,34.14,0,2,0,1,0.662
CCCCCN(CCCCC)CCCNC1=C2C=C(OC)C=CC2=NC3=C1CCCC3.OP(O)(O)=O,5.02,5.68,523.66,115.15,4,5,14,2,0.185
CCCCN(CCCC)C(=N)C1=C(C)C=C(C)C=C1C,6.25,4.84,274.45,27.09,1,1,7,1,0.559
NC1=CC=C(C=N1)C(O)=O,6.09,0.36,138.13,76.21,2,3,1,1,0.587
CCCCCN(CCCCC)CCCNC1=C2C=C(Cl)C=CC2=NC3=C1CCCC3.OP(O)(O)=O,4.46,6.32,528.07,105.92,4,4,13,2,0.178
[O-][N+](=O)C(=CC1=CC=CC=C1)C2=CC=CC=C2,6.84,3.46,225.25,43.14,0,2,3,2,0.456
OC(=O)C1=C2C=CC=CC2=NC3=C1C=CC=C3,7.66,3.09,223.23,50.19,1,2,1,3,0.645
C[CH]1CCN(CC1)[CH](CC(=O)C2=CC=CC=C2)C(=O)C3=CC=CC=C3,6.81,4.24,335.45,37.38,0,3,6,2,0.741
OCCN[CH]([CH](O)C1=CC=C(Cl)C=C1)C2=CC=C(Cl)C=C2,7.67,3.35,326.22,52.49,3,3,6,2,0.763
C[CH]1CCCCN1[CH](CC(=O)C2=CC=CC=C2)C(=O)C3=CC=CC=C3,7.19,4.39,335.45,37.38,0,3,6,2,0.735
OCCN[CH](C(=O)C1=CC=C(Cl)C=C1)C2=CC=C(Cl)C=C2,7.61,3.5,324.21,49.33,2,3,6,2,0.8
CSC1=NC(=NC(=N1)C)SC,6.32,1.62,187.29,38.67,0,5,2,1,0.658
[O-][N+](=O)N1C(=O)CCC1=O,4.01,-0.67,144.09,80.52,0,4,1,0,0.277
CO.[O-][N+](=O)N1C(=O)CCC1=O,4.03,-1.06,176.13,100.75,1,5,1,0,0.311
[O-][N+](=O)N1C(=O)C2=C(C=CC=C2)C1=O,5.18,0.47,192.13,80.52,0,4,1,1,0.368
OCC1=CC=CC=C1.[O-][N+](=O)N2C(=O)C3=C(C=CC=C3)C2=O,6.92,1.65,300.27,100.75,1,5,2,2,0.516
CCCC[CH](CC)C=CC1=NC2=C(C=CC=C2)C=C1,6.82,5.46,253.39,12.89,0,1,6,2,0.665
O=P(C1=CC=CC=C1)(C2=CC=CC=C2)C3=CC=CC=C3,7.68,3.33,278.29,17.07,0,1,3,3,0.672
N#CCCN1C2=C(C=CC=C2)C3=CC=CC=C13,7.29,3.71,220.28,28.72,0,1,2,3,0.647
OC(=O)CCN1C2=C(C=CC=C2)C3=CC=CC=C13,8.26,3.27,239.27,42.23,1,1,3,3,0.762
OC(=O)CC1=C(F)C=CC=C1,6.99,1.45,154.14,37.3,1,1,2,1,0.7
OC(=O)CC1=CC=C(F)C=C1,7.32,1.45,154.14,37.3,1,1,2,1,0.7
OC(=O)C1CCOCC1,5.62,0.5,130.14,46.53,1,2,1,0,0.562
OC(=O)C1(CCOCC1)C(O)=O,5.3,-0.05,174.15,83.83,2,3,2,0,0.573
O[CH](C1=NC2=CC=CC=C2N1)C3=CC=CC=C3,8.07,2.64,224.26,48.91,2,2,2,3,0.703
OC(=O)C(OC1=CC=CC=C1)OC2=CC=CC=C2,7.19,2.56,244.25,55.76,1,3,5,2,0.821
CC(=O)C1=CC2=C(C=C1)C3=CC=CC=C3S2,7.5,4.26,226.3,17.07,0,2,1,3,0.567
CC(=O)C1=CC2=C(C=C1)C3=CC=C(C=C3S2)C(C)=O,7.47,4.46,268.34,34.14,0,3,2,3,0.643
COC(=O)C1=C(Br)C(=CC=C1)[N+]([O-])=O,6.01,2.14,260.04,69.44,0,4,2,1,0.464
O=S1(=O)C2=CC=CC=C2OC3=C1C=CC=C3,7.22,2.63,232.26,43.37,0,3,0,2,0.598
CCCCCCCCCCCCOC1=CC=C(C=C1)C(O)=O,5.25,5.68,306.45,46.53,1,2,13,1,0.476
C[CH](CCN=CC1=C(O)C=CC=C1)N=CC2=C(O)C=CC=C2,7.31,3.41,296.37,65.18,2,4,6,2,0.802
CCO.CCSC1=NC(=CC(=N1)O)C=O,6.26,1.11,230.29,83.31,2,6,3,1,0.459
CC1=NC(=C(CCNCCC2=C(C)N=C(C)S2)S1)C,6.83,3.21,295.48,37.81,1,5,6,2,0.832
NNC(=O)C1C(C1C(=O)NN)C(=O)NN,2.0,-4.18,216.2,165.36,6,6,3,0,0.159
CC(C)N(C(C)C)[P](=O)(O[P](=O)(N(C(C)C)C(C)C)C1=CC=C(C=C1)[N+]([O-])=O)C2=CC=C(C=C2)[N+]([O-])=O,4.08,6.09,554.52,136.13,0,7,12,2,0.173
NC1=CC=C(C=C1)P(O)(O)=O,6.26,0.07,173.11,83.55,3,2,1,1,0.414
C[CH]1N[CH](C)S[CH](C)S1,6.78,2.09,163.31,12.03,1,3,0,0,0.587
OP(O)(=O)C1=CC(=CC=C1)[N+]([O-])=O,6.23,0.4,203.09,100.67,2,3,2,1,0.411
OP(O)(=O)C1=CC=C(C=C1)[N+]([O-])=O,5.87,0.4,203.09,100.67,2,3,2,1,0.411
CCOC(=O)C(C)(C)[Si](C)(C)C,6.75,2.67,188.34,26.3,0,2,3,0,0.503
CCOC(=O)[CH](C(C)C)C(=O)CC(C)C,5.99,2.44,214.3,43.37,0,3,6,0,0.504
OCCOC1=C(Cl)C=C(Cl)C=C1,7.77,2.36,207.06,29.46,1,2,3,1,0.824
CCCCCCCCCCCCCCCCCC1=NCCN1,4.73,6.25,308.55,24.39,1,2,16,0,0.335
C1CO[CH](C1)CNC[CH]2CCCO2,6.12,0.93,185.27,30.49,1,3,4,0,0.707
COC1=C(N)C=CC(=C1)N=NC2=C(OC)C=CC=C2,7.08,3.7,257.29,69.2,1,5,4,2,0.67
OC1=CC(=C(O)C=C1)Cl,7.46,1.75,144.56,40.46,2,2,0,1,0.545
C[N+]([O-])=O,5.59,-0.11,61.04,43.14,0,2,0,0,0.29
CCNC(=O)NCC,5.94,0.33,116.16,41.13,2,1,2,0,0.536
OC(=O)COC1=C(Cl)C=C(Cl)C(=C1)Cl,7.35,3.11,255.48,46.53,1,2,3,1,0.844
NC1=CC=CC=N1,6.83,0.66,94.12,38.91,1,2,0,1,0.513
Cl[Sb](Cl)(C1=CC=CC=C1)(C2=CC=CC=C2)C3=CC=CC=C3,7.46,3.58,423.98,0.0,0,0,3,3,0.565
CN(C)C1=CC=C(C=C1)C2=CC=C(C=C2)N(C)C,7.25,3.49,240.35,6.48,0,2,3,2,0.81
CNC1CCCCC1,6.34,1.54,113.2,12.03,1,1,1,0,0.544
ClC(C1=CC=CC=C1)(C2=CC=CC=C2)C3=CC=CC=C3,7.2,5.22,278.78,0.0,0,0,3,3,0.455
CC[N+]1=C2C=CC=CC2=CC=C1,7.81,2.15,158.22,3.88,0,0,1,2,0.56
OC(=O)CCS,6.52,0.39,106.15,37.3,2,2,2,0,0.5
CC1=C(OP(=O)(OC2=C(C)C=CC=C2)OC3=C(C)C=CC=C3)C=CC=C1,5.7,6.26,368.37,44.76,0,4,6,3,0.482
S1C2=CC=CC=C2SC3=C1C=CC=C3,7.86,4.3,216.33,0.0,0,2,0,2,0.549
CCNC(=O)OCC,5.82,0.75,117.15,38.33,1,2,2,0,0.579
CC(C)(N)CO,5.22,-0.28,89.14,46.25,2,2,1,0,0.464
CCC(C)=NO,6.28,1.25,87.12,32.59,1,2,1,0,0.291
NCCNCCNCCN,3.64,-1.92,146.24,76.1,4,4,7,0,0.316
CC(=O)NC1=CC=C(Cl)C=C1,7.37,2.3,169.61,29.1,1,1,1,1,0.687
CCC[CH](O)CN,5.31,0.11,103.17,46.25,2,2,3,0,0.532
NCCNCCN,4.2,-1.51,103.17,64.07,3,3,4,0,0.379
OS(=O)(=O)CCBr,5.35,0.27,189.03,54.37,1,2,2,0,0.501
ClN=C1C=CC(=O)C=C1,6.47,1.28,141.56,29.43,0,2,0,0,0.468
COC1=CC2=C(C=O)C=CN=C2C=C1,7.19,2.06,187.2,39.19,0,3,2,2,0.675
CC1=C(N)N=CC=C1,6.51,0.97,108.14,38.91,1,2,0,1,0.538
OCC(F)(F)F,6.21,0.54,100.04,20.23,1,1,0,0,0.471
OC(=O)C1CCCCC1,6.45,1.65,128.17,37.3,1,1,1,0,0.583
CC(C)CCS(O)(=O)=O,6.05,0.92,152.22,54.37,1,2,3,0,0.612
CCCCNC(=O)OCC,6.61,1.53,145.2,38.33,1,2,4,0,0.609
CCC(C)(C)C1=C(O)C=C(C(=C1)O)C(C)(C)CC,6.84,4.47,250.38,40.46,2,2,4,1,0.774
CC(C)=NNC(N)=O,5.78,0.05,115.14,67.48,2,2,1,0,0.368
CCCCCCCCCCCC(=O)N(CCCC)CCCC,3.93,6.34,311.55,20.31,0,1,16,0,0.305
NC1=CC=CC2=C1C(=O)C3=C(C=CC=C3)C2=O,7.08,2.04,223.23,60.16,1,3,0,2,0.593
CC1=NC(=C(C=N1)C#N)N,5.85,0.24,134.14,75.59,1,4,0,1,0.551
CC1=CC(=NC(=C1)C)C,6.88,2.01,121.18,12.89,0,1,0,1,0.511
NCCNCCO,4.17,-1.47,104.15,58.28,3,3,4,0,0.381
C[CH]1CCCCN1,6.43,1.15,99.18,12.03,1,1,0,0,0.48
COC1=CC2=C(C=C1OC)[C]34CCN5CC6=CCO[CH]7CC(=O)N2[CH]3[CH]7[CH]6C[CH]45.OS(O)(=O)=O,6.38,1.46,492.55,125.84,2,7,2,1,0.466
O1C2=CC=CC=C2SC3=C1C=CC=C3,7.48,3.94,200.26,9.23,0,2,0,2,0.543
C1=CC=C(C=C1)[Bi](C2=CC=CC=C2)C3=CC=CC=C3,7.68,2.2,440.3,0.0,0,0,3,3,0.548
CCC[C](C)(CC)C(O)=O,6.75,2.29,144.21,37.3,1,1,4,0,0.657
CCCCC(CC)(CC)C(O)=O,6.58,3.07,172.27,37.3,1,1,6,0,0.668
CCCCCCCCC(C)(C)C(O)=O,6.25,3.85,200.32,37.3,1,1,8,0,0.604
CCCCCCCCC(CC)(CC)C(O)=O,6.03,4.63,228.38,37.3,1,1,10,0,0.554
CCCCCCCC[C](CC)(CCCC)C(O)=O,5.46,5.41,256.43,37.3,1,1,12,0,0.474
CCC(CC)(CC1=CC=CC=C1)C(O)=O,7.01,3.12,206.28,37.3,1,1,5,1,0.803
CCCC[C](CC)(CC1=CC=CC=C1)C(O)=O,6.72,3.9,234.34,37.3,1,1,7,1,0.777
CC1=C(NC(=N)NC2=C(C)C=CC=C2)C=CC=C1,7.81,3.76,239.32,47.91,3,1,2,2,0.552
C1CNCCN1,4.82,-0.82,86.14,24.06,2,2,0,0,0.402
CC1=CC2=C(C=CC=C2)C=N1,7.23,2.54,143.19,12.89,0,1,0,2,0.552
CC[N+]1=C2C=CC=CC2=CC=C1C,8.04,2.46,172.25,3.88,0,0,1,2,0.582
CC1O[Ti]2(O)(O)(OC(C)C(=O)O2)OC1=O,4.15,-1.39,258.0,111.52,2,8,0,0,0.511
C1=CC=C(C=C1)[As](C2=CC=CC=C2)C3=CC=CC=C3,7.87,2.2,306.24,0.0,0,0,3,3,0.651
O=C1NC(=O)[C](CC2=CC=CC=C2)(N1)C3=CC=CN=C3,7.31,1.36,267.29,71.09,2,3,3,2,0.825
CCCCC(=O)N[CH](O)C(Cl)(Cl)[CH](C)Cl,6.64,2.41,276.59,49.33,2,2,6,0,0.578
ClC1=CC=C(NC(=O)CBr)C=C1,8.21,2.67,248.51,29.1,1,1,2,1,0.801
CC1=CC=C(NC(=O)CBr)C=C1,7.65,2.33,228.09,29.1,1,1,2,1,0.773
ClC(Cl)(Cl)C(=O)NC1=CC=CC=C1,7.45,3.0,238.5,29.1,1,1,1,1,0.749
S([Hg]C1=CC=CC=C1)C2=NC3=C(S2)C=CC=C3,7.31,3.71,443.95,12.89,0,3,3,3,0.572
N#CC(C#N)[CH](C#N)C1=CC=CC=C1,6.09,1.96,181.2,71.37,0,3,2,1,0.7
OC1=C(C=CC=C1)C(=O)NC2=C3C=CC=CC3=CC=C2,8.08,3.8,263.3,49.33,2,2,2,3,0.738
OC1=C(C=CC=C1)C(=O)NC2=CC3=C(C=CC=C3)C=C2,7.84,3.8,263.3,49.33,2,2,2,3,0.738
ClC1=CC=C(C=C1)C=CC2=CC=CC=N2,7.18,3.91,215.68,12.89,0,1,2,2,0.74
ClC1=CC=C(C=C1)C=CC2=CC=NC=C2,7.37,3.91,215.68,12.89,0,1,2,2,0.74
N#CC(=CC1=CC=CC=C1)C#N,6.51,2.12,154.17,47.58,0,2,1,1,0.581
[O-][N+](=O)C1=CC=CC(=C1)C=C(C#N)C#N,6.46,2.03,199.17,90.72,0,4,2,1,0.414
ClC1=CC=C(C=C1)C=C(C#N)C#N,7.13,2.77,188.62,47.58,0,2,1,1,0.637
ClC1=CC(=C(C=C1)C=C(C#N)C#N)Cl,6.93,3.42,223.06,47.58,0,2,1,1,0.684
ClC1=C(Cl)C=C(C=C1)C=C(C#N)C#N,7.31,3.42,223.06,47.58,0,2,1,1,0.684
O=C(NC1=CC=CC=C1)C=CC2=CC=CC=C2,7.72,3.34,223.28,29.1,1,1,3,2,0.794
CCCCCCCNP(Cl)(Cl)=S,6.22,4.25,248.16,12.03,1,1,7,0,0.534
CCCNP(=S)(NCCC)NCCC,7.08,2.21,237.35,36.09,3,1,9,0,0.537
CCCCCCCNP(=S)(NCCCCCCC)NCCCCCCC,3.81,6.89,405.68,36.09,3,1,21,0,0.143
CCCCCCCCNP(=S)(NCCCCCCCC)NCCCCCCCC,2.0,8.06,447.76,36.09,3,1,24,0,0.103
CCCCCCCCCCCCNP(=S)(NCCCCCCCCCCCC)NCCCCCCCCCCCC,2.0,12.74,616.08,36.09,3,1,36,0,0.048
CC1(C)[CH]2CC[C](C)(C2)C1=NO,6.63,2.66,167.25,32.59,1,2,0,0,0.436
N(N=CC1=CC=CO1)C2=CC=CC=C2,6.97,2.73,186.21,37.53,1,3,3,2,0.591
S=C1NC2=C(C=CC=C2S1)C3=CC=CC=C3,8.02,4.63,243.36,15.79,1,2,1,3,0.616
CC1=C(Cl)C2=C(C=C1)C(=O)C3=C(C=CC=C3)C2=O,7.9,3.42,256.69,34.14,0,2,0,2,0.618
BrC[CH](Br)[CH](Br)CBr,6.61,3.3,373.71,0.0,0,0,3,0,0.666
N#C[CH](C1CCCCC1)C2=CC=CC=C2,7.22,3.87,199.3,23.79,0,1,2,1,0.709
CC(C)[C](C)(O)C1=CC=CC=C1,7.26,2.55,164.25,20.23,1,1,2,1,0.712
OCCCCCCO,5.86,0.53,118.18,40.46,2,2,5,0,0.517
O=C1CCC(=C1)C2=CC=CC=C2,7.04,2.43,158.2,17.07,0,1,1,1,0.613
NCCCCCC#N,5.81,1.03,112.18,49.81,1,2,4,0,0.552
COC(=O)CCC(O)=O,5.33,0.02,132.12,63.6,1,3,3,0,0.55
CC1=CC=C(CCC(O)=O)C=C1,6.93,2.01,164.2,37.3,1,1,3,1,0.742
CCC[CH](O)CO,5.97,0.14,104.15,40.46,2,2,3,0,0.534
CC[C](C)(OC(C)=O)C#N,5.93,1.24,141.17,50.09,0,3,2,0,0.543
CC(=O)O[C](C)(C#N)[C](C)(OC(C)=O)C#N,4.97,0.68,224.22,100.18,0,6,3,0,0.653
CSC(N)=N.OS(O)(=O)=O,4.93,-0.41,188.23,124.47,4,4,0,0,0.233
COC(=O)[CH](O)[CH](O)C(=O)OC,3.03,-1.95,178.14,93.06,2,6,3,0,0.488
CC(C)[CH](C)OC(C)=O,6.53,1.59,130.19,26.3,0,2,2,0,0.53
OC(=O)[CH]1[CH](C(O)=O)[C]2(Cl)C(=C(Cl)[C]1(Cl)C2(Cl)Cl)Cl,6.95,3.23,388.85,74.6,2,2,2,0,0.712
O=C(CCC#N)C1=CC=CC=C1,6.48,2.17,159.19,40.86,0,2,3,1,0.634
O=C1OC(=O)C2=C3C=CC=CC3=CC=C12,7.12,2.15,198.18,43.37,0,3,0,2,0.481
C[N+](C)(C)[CH]1CS(=O)(=O)C=C1,5.7,0.0,176.26,34.14,0,2,1,0,0.527
CC(C)(O)C#C,5.79,0.39,84.12,20.23,1,1,0,0,0.421
C[CH]1CCCCC1=O,6.79,1.77,112.17,17.07,0,1,0,0,0.466
CC(=O)OCCCCCCCCCC=C,5.51,3.86,212.33,26.3,0,2,10,0,0.312
CCN(CC)C(=O)CCC(O)=O,5.96,0.72,173.21,57.61,1,2,5,0,0.666
C[CH]1C=C[CH](C)[CH](COC(C)=O)[CH]1COC(C)=O,5.8,2.19,254.33,52.6,0,4,4,0,0.57
ClN=C1C=C(Br)C(=O)C(=C1)Br,6.33,2.72,299.35,29.43,0,2,0,0,0.632
CC[N+]1=C2C=CC(=CC2=CC=C1C)C,7.34,2.76,186.28,3.88,0,0,1,2,0.603
OC(=O)C1=CC=C(NC(=O)C2=C(O)C=CC=C2)C=C1,7.55,2.34,257.25,86.63,3,3,3,2,0.787
OC(=O)COC1=C(C=CC=C1)C(=O)NC2=CC=CC=C2,7.36,2.4,271.27,75.63,2,3,5,2,0.875
BrC1=CC=C(C=C1)C=C(C#N)C#N,6.74,2.88,233.07,47.58,0,2,1,1,0.7
S=C1SC2=C(C=CC=C2)N1CCNC3=CC=CC=C3,7.72,4.54,286.43,16.96,1,3,4,3,0.709
OC1=CC=C(C=C1CSC#N)[N+]([O-])=O,5.79,2.01,210.21,87.16,1,5,3,1,0.468
ClC1=C(Cl)C(=O)C2=C(C=CC=C2)C1=O,7.12,2.75,227.05,34.14,0,2,0,1,0.682
C[CH](OC1=C(C=CC=C1)C2=CC=CC=C2)C(O)=O,7.19,3.21,242.27,46.53,1,2,4,2,0.895
CC(=O)O[Hg]C1=CC=C(C=C1)N=CC2=C(O)C=CC=C2,6.76,2.33,455.86,58.89,1,4,4,2,0.568
[O-][N+](=O)C1=CC(=C(SC#N)C=C1)[N+]([O-])=O,5.61,2.08,225.19,110.07,0,6,3,1,0.337
OC1=CC=C(C=C1CCl)[N+]([O-])=O,6.4,2.04,187.58,63.37,1,3,2,1,0.438
ClC1=C(C=CC=C1)C=C(C#N)C#N,6.82,2.77,188.62,47.58,0,2,1,1,0.637
NC1=C(SC#N)C=C(C=C1)S(N)(=O)=O,5.93,0.49,229.29,109.97,2,5,2,1,0.435
[O-][N+](=O)C1=CC=CC(=C1)OC[CH]2CO2,5.74,1.37,195.17,64.9,0,4,4,1,0.413
ClC1=C(Cl)C=C(C=C1)[CH](C#N)C(C#N)C#N,6.91,3.26,250.09,71.37,0,3,2,1,0.808
S=P(NC1CCCCC1)(NC2CCCCC2)NC3CCCCC3,6.3,4.98,357.55,36.09,3,1,6,0,0.586
CC1=C(NC(=O)CBr)C=CC=C1,7.5,2.33,228.09,29.1,1,1,2,1,0.773
N#CC(=CC=CC1=CC=CO1)C#N,6.84,2.27,170.17,60.72,0,3,2,1,0.505
NS(=O)(=O)C1=CC=C(NC(=O)CBr)C=C1,5.71,0.67,293.14,89.26,2,3,3,1,0.803
NC1=C(SSC2=CC(=CC=C2N)S(N)(=O)=O)C=C(C=C1)S(N)(=O)=O,5.59,0.95,406.54,172.36,4,8,5,2,0.419
CCCCCN(CCCCC)CC(=O)O[CH]1C[CH]2CC[C]1(C)C2(C)C,5.05,5.43,351.58,29.54,0,3,11,0,0.367
COCCCN,5.5,-0.02,89.14,35.25,1,2,3,0,0.493
OCNC(=O)C=C,5.14,-0.76,101.1,49.33,2,2,2,0,0.355
OC1=NC2=C(C=CC=C2)C=C1,7.41,1.94,145.16,33.12,1,2,0,2,0.614
OC(=O)CC[CH](NC(=O)OCC1=CC=CC=C1)C(O)=O,6.2,1.23,281.26,112.93,3,4,7,1,0.692
CC(=O)OC[CH]1[CH]2CC[CH](C2)[CH]1COC(C)=O,5.96,1.77,240.3,52.6,0,4,4,0,0.703
C[CH]1CCC[CH](COC(C)=O)[CH]1COC(C)=O,6.39,2.17,242.31,52.6,0,4,4,0,0.709
COC(=O)C1C2CC(Br)C(C2)C1C(=O)OC,5.98,1.37,291.14,52.6,0,4,2,0,0.569
CCOC(=O)[CH]1C2CCC(CC2)[CH]1C(=O)OCC,6.2,2.17,254.33,52.6,0,4,4,0,0.721
C=C1CCCC=C1,6.86,2.28,94.16,0.0,0,0,0,0,0.432
COC(=O)OCC=CCOC(=O)OC,5.16,1.11,204.18,71.06,0,6,4,0,0.504
CC(C)CC(C)=NO,6.36,1.88,115.18,32.59,1,2,2,0,0.332
CC(=O)O[CH]1CCCC[CH]1OC(C)=O,6.09,1.42,200.23,52.6,0,4,2,0,0.633
CCN(CC)CCC[CH](C)Br,6.49,2.89,222.17,3.24,0,1,6,0,0.624
CC(=O)O[C]1(C)C(=O)OC(=O)[C]1(C)OC(C)=O,4.27,-0.29,244.2,95.97,0,7,2,0,0.374
CC(C)C[CH](C)OC=O,6.7,1.59,130.19,26.3,0,2,4,0,0.54
CC(C)C[CH](C)OC(C)=O,6.62,1.98,144.21,26.3,0,2,3,0,0.566
CCCC(=O)O[CH](C)CC(C)C,6.3,2.76,172.27,26.3,0,2,5,0,0.596
CC(C)C[CH](C)OC(=O)CC(C)C,6.7,3.01,186.29,26.3,0,2,5,0,0.617
CCCCCCC(=O)O[CH](C)CC(C)C,5.82,3.93,214.35,26.3,0,2,8,0,0.452
COC1=CC=C(C=C1)C(=O)O[CH](C)CC(C)C,6.18,3.29,236.31,35.53,0,3,5,1,0.736
CC(C)C[CH](C)OC(=O)C1=CC=C(C=C1)[N+]([O-])=O,5.86,3.19,251.28,69.44,0,4,5,1,0.458
CC1=CC(=C(CCl)C=C1)C,6.92,3.04,154.64,0.0,0,0,1,1,0.546
BrCCCCN1C(=O)C2=C(C=CC=C2)C1=O,6.51,2.46,282.14,37.38,0,2,4,1,0.483
CCCCCCN(CCCCCC)CCCCCCCCCCCO,3.21,6.95,355.65,23.47,1,2,21,0,0.225
[I]1C2=C(C=CC=C2)C3=C1C=CC=C3,8.18,3.68,279.1,0.0,0,0,0,2,0.551
OC(=O)C1=C(Cl)C=C(Cl)C=C1,7.48,2.69,191.01,37.3,1,1,1,1,0.74
NC1=CC=C(F)C=C1,7.04,1.41,111.12,26.02,1,1,0,1,0.503
NC1=CC=C(CCC2=CC=C(N)C=C2)C=C1,7.87,2.64,212.3,52.04,2,2,3,2,0.768
CC(=O)CC1=CC=C(C=C1)[N+]([O-])=O,5.74,1.73,179.17,60.21,0,3,3,1,0.524
CCC(=O)C1=CC=C(C=C1)[N+]([O-])=O,6.37,2.19,179.17,60.21,0,3,3,1,0.406
CCC(=O)C1=CC(=CC(=C1)C(=O)CC)C(=O)CC,6.64,3.46,246.31,51.21,0,3,6,1,0.722
ClC1=C(C=CC=C1)C=CC(=O)C=CC2=C(Cl)C=CC=C2,6.41,5.29,303.19,17.07,0,1,4,2,0.701
O=NN(C1=CC=CC=C1)C2=CC=CC=C2,7.42,3.51,198.22,32.67,0,2,3,2,0.558
CC1=C(C=C(C=C1[N+]([O-])=O)[N+]([O-])=O)C(=O)C=CC2=CC=CC=C2,6.07,3.71,312.28,103.35,0,5,5,2,0.362
CC(=O)CC1=CC=C(C=C1)C2=CC=CC=C2,7.4,3.49,210.28,17.07,0,1,3,2,0.758
COC1=CC(=C2N=CC=CC2=C1OC)[N+]([O-])=O,6.7,2.16,234.21,74.49,0,5,3,2,0.6
COC1=CC=C(C=C1)C2=CC(=O)C(=CC2=O)C3=CC=C(OC)C=C3,7.52,3.32,320.34,52.6,0,4,4,2,0.811
C=CN1C(=O)CCC1=O,5.68,0.28,125.13,37.38,0,2,1,0,0.472
ClC1=CC2=C(NC(=O)CS2)C=C1,7.46,2.38,199.66,29.1,1,2,0,1,0.695
CC1=C(C#N)C(=C2C=CC=CC2=C1)O,7.54,2.73,183.21,44.02,1,2,0,2,0.682
ClC1=CC2=NC=CC(=C2C=C1)Cl,7.45,3.54,198.05,12.89,0,1,0,2,0.63
ClC1=CC=C(CCC2=CC=C(Cl)C=C2)C=C1,7.56,4.78,251.16,0.0,0,0,3,2,0.736
CCCCCCCC(=O)CCCCCCC,5.0,5.28,226.4,17.07,0,1,12,0,0.414
CC1=C(C=C(C(=C1[N+]([O-])=O)Br)[N+]([O-])=O)[N+]([O-])=O,5.76,2.48,306.03,129.42,0,6,3,1,0.623
CC1=C(N)C=C(C=C1)C(O)=O,6.78,1.28,151.16,63.32,2,2,1,1,0.594
C1=CC=C(C=C1)C2=CC(=NC(=C2)C3=CC=CN=C3)C4=CC=CN=C4,7.42,4.87,309.37,38.67,0,3,3,4,0.542
COC1=CC=C2C=CC=CC2=C1C=C(C)C(O)=O,7.6,3.34,242.27,46.53,1,2,3,2,0.84
CC(C)(C)C(=O)CC(C1=CC=CC=C1)C2=CC=CC=C2,7.32,4.82,266.38,17.07,0,1,4,2,0.775
CC1=C(Br)C(=C(C(O)=O)C(=C1)C)C,7.35,3.07,243.1,37.3,1,1,1,1,0.822
C=CCCCCCCCCC(=O)CCCCCCCCC=C,3.03,7.17,306.53,17.07,0,1,18,0,0.194
CC(=O)NCCNC(C)=O,4.8,-0.74,144.17,58.2,2,2,3,0,0.512
OC1(CC=C)C(=C(C2=CC=CC=C2)C(=C1C3=CC=CC=C3)C4=CC=CC=C4)C5=CC=CC=C5,5.29,7.53,426.56,20.23,1,1,6,4,0.316
[O-][N+](=O)C1=C2C=CC=C(C(Cl)=O)C2=CC=C1,6.96,3.13,235.63,60.21,0,3,2,2,0.456
CC1(C)[CH](CC[C]1(C)C(N)=O)C(O)=O,6.48,1.0,199.25,80.39,2,2,2,0,0.696
CC1=CC2=C(C=C1)C(=O)C3=C(C=CC=C3)C2=O,7.18,2.77,222.24,34.14,0,2,0,2,0.586
[O-][N+](=O)C1=CC=C(CCC2=CC=C(C=C2)[N+]([O-])=O)C=C1,6.67,3.29,272.26,86.28,0,4,5,2,0.617
COC1=CC=CC(=C1[N+]([O-])=O)C(O)=O,6.46,1.3,197.15,89.67,1,4,3,1,0.582
BrC(Br)(Br)C1=NC2=C(C=CC=C2)C=C1,7.51,4.53,379.88,12.89,0,1,0,2,0.613
ClCC[CH]1NC(=O)[CH](CCCl)NC1=O,6.33,0.23,239.1,58.2,2,2,4,0,0.69
CC1=CC=C(C=C1)C(=O)CCCC(=O)C2=CC=C(C)C=C2,6.57,4.54,280.37,34.14,0,2,6,2,0.728
BrC1=NC(=CC=C1)Br,7.02,2.61,236.89,12.89,0,1,0,1,0.632
NC1=C2C=CC=CC2=C(C=C1)[N+]([O-])=O,6.6,2.33,188.19,69.16,1,3,1,2,0.424
CC(=O)C1=C(O)C=CC=C1O,7.25,1.3,152.15,57.53,2,3,1,1,0.596
CC1=C(C=CC=C1)C(=O)C2=C(C)C=CC=C2,7.69,3.53,210.28,17.07,0,1,2,2,0.693
CC(=O)C1=CC(=C(C)C=C1)[N+]([O-])=O,6.36,2.11,179.17,60.21,0,3,2,1,0.397
CC1=C2NC=CC2=CC=C1,7.99,2.48,131.18,15.79,1,0,0,2,0.565
CCCCC(=O)C1=CC(=CC(=C1)OC)OC,6.3,3.08,222.28,35.53,0,3,6,1,0.694
CCOC(=O)C1=CC2=C(OC1=O)C=CC=C2,7.39,1.97,218.21,56.51,0,4,2,2,0.571
OC(=O)C1CCC(CC1)C(O)=O,6.32,0.96,172.18,74.6,2,2,2,0,0.65
C[CH]1CCC(=CC1)C(O)=O,6.81,1.82,140.18,37.3,1,1,1,0,0.603
OC1=C(C=CC=C1)C(=O)C2=CC=CC=C2,7.78,2.62,198.22,37.3,1,2,2,2,0.753
COC(=O)C(O)(C1=CC=CC=C1)C2=CC=CC=C2,7.47,2.1,242.27,46.53,1,3,3,2,0.838
COC1=CC=C(C=C1OC)C(=O)CCC(O)=O,6.38,1.75,238.24,72.83,1,4,6,1,0.764
ClC1=C2C=CC3=C(N=CC=C3Cl)C2=NC=C1,7.47,4.09,249.1,25.78,0,2,0,3,0.561
COC1=CC=C(C=C1)C=NC(=S)NC(N)=S,6.89,1.23,253.35,59.64,2,3,2,1,0.613
CCC=NC(=S)NC(N)=S,6.67,0.59,175.28,50.41,2,2,1,0,0.452
C1O[CH]1[CH]2CO2,5.66,-0.22,86.09,25.06,0,2,1,0,0.412
BrC[CH]1CO1,6.53,0.78,136.98,12.53,0,1,1,0,0.384
C=CCOC[CH]1CO1,5.44,0.59,114.14,21.76,0,2,4,0,0.303
C1O[CH]1COC2=C3C=CC=CC3=CC=C2,7.11,2.62,200.24,21.76,0,2,3,2,0.71
ClCCOC[CH]1CO1,5.58,0.64,136.58,21.76,0,2,4,0,0.322
ClC1=CC(=C(OC[CH]2CO2)C=C1)Cl,7.05,2.77,219.07,21.76,0,2,3,1,0.729
C1O[CH]1COC2=CC=CC=C2,6.93,1.46,150.18,21.76,0,2,3,1,0.608
OC(CBr)CBr,6.24,1.14,217.89,20.23,1,1,2,0,0.688
C1O[CH]1C2=CC=CC=C2,7.38,1.76,120.15,12.53,0,1,1,1,0.514
CCCCCCCC[CH]1O[CH]1CCCCCCCC(O)=O,4.75,5.32,298.47,49.83,1,2,15,0,0.329
CC(=O)NC1=CC=C(C=C1)S(=O)(=O)NN,5.47,-0.2,229.26,101.29,3,4,3,1,0.493
NNC(=O)C1=CC=C(N)C=C1,5.56,-0.13,151.17,81.14,3,3,1,1,0.226
NNC(=O)C1=C(O)C=CC(=C1)N,5.12,-0.42,167.17,101.37,4,4,1,1,0.15
NNC(=O)C1=C(N)C=CC=C1,6.02,-0.13,151.17,81.14,3,3,1,1,0.226
NNS(=O)(=O)C1=CC=CC=C1,5.76,-0.16,172.21,72.19,2,3,2,1,0.481
NNC(=O)C1=CC=CC=C1,5.91,0.29,136.15,55.12,2,2,1,1,0.331
COC1=CC(=CC(=N1)OC)C(=O)NN,4.89,-0.3,197.19,86.47,2,5,3,1,0.395
CC=CC(=O)NN,5.15,-0.45,100.12,55.12,2,2,1,0,0.203
NNC(=O)C1=CC=C(O)C=C1,6.43,-0.0,152.15,75.35,3,3,1,1,0.301
CC(C)C1=CC=C(C=C1)C(=O)NN,6.73,1.41,178.23,55.12,2,2,2,1,0.409
NNC(=O)CC(=O)NN,2.23,-2.64,132.12,110.24,4,4,2,0,0.142
CC1=[N+](C)C=CC=C1.Cl[I]Cl,7.35,3.08,305.97,3.88,0,0,0,1,0.512
OC1=C2C=CC=CC2=C(O)N=N1,6.99,1.04,162.15,66.24,2,4,0,2,0.607
NNC(=O)C1=C(O)C=CC=C1,5.34,-0.0,152.15,75.35,3,3,1,1,0.301
NNC(=O)C1=CC=CS1,6.18,0.35,142.18,55.12,2,3,1,1,0.338
CC1=CCC(=O)O1,6.03,0.84,98.1,26.3,0,2,0,0,0.419
C[CH]1OC(=O)C=C1,6.06,0.49,98.1,26.3,0,2,0,0,0.412
O[CH](C=O)[CH]1OC(=O)[CH](O)[CH]1O,2.62,-2.81,176.12,104.06,3,6,2,0,0.31
CC(=O)NC1=CC=C(C=C1)C=NO,6.96,1.45,178.19,61.69,2,3,2,1,0.409
ON=C(C1=CC=CC=C1)C(=O)C2=CC=CC=C2,6.98,2.75,225.25,49.66,1,3,3,2,0.378
ON=C([CH](O)C1=CC=CC=C1)C2=CC=CC=C2,7.07,2.6,227.26,52.82,2,3,3,2,0.481
CC(=O)C(C)=NO,6.3,0.43,101.1,49.66,1,3,1,0,0.295
CCN(CC)[CH]1CCCCC1=NO,6.51,2.1,184.28,35.83,1,3,3,0,0.538
ON=CC1=CC=C(O1)[N+]([O-])=O,5.77,1.0,156.1,88.87,1,5,2,1,0.299
COC1=CC=C(C=C1)C=CC(=NO)C2=CC=CC=C2,7.1,3.59,253.3,41.82,1,3,4,2,0.514
COC1=CC=C(CCC(=NO)C2=CC=CC=C2)C=C1,7.08,3.51,255.32,41.82,1,3,5,2,0.504
C[N+](C)(C)C[CH]1COCCO1,5.6,0.11,160.24,18.46,0,2,2,0,0.534
N[CH](CC1=CC=C(O)C=C1)C(=O)NO,5.63,-0.23,196.21,95.58,4,4,3,1,0.396
CC(=O)OOC(C)=O,5.01,0.03,118.09,52.6,0,4,0,0,0.332
CCCCCCCCCCCC(=O)OOC(=O)CCCCCCCCCCC,2.0,7.83,398.63,52.6,0,4,20,0,0.119
O=C(OOC(=O)C1=CC=CC=C1)C2=CC=CC=C2,6.81,2.62,242.23,52.6,0,4,2,2,0.6
CC(C)(C)OO,6.29,1.27,90.12,29.46,1,2,0,0,0.358
CC(C)(C)OOC(C)(C)C,6.63,2.53,146.23,18.46,0,2,1,0,0.418
CC(C)(C)OOC(=O)C1=CC=CC=C1,6.69,2.57,194.23,35.53,0,3,2,1,0.536
O=C(OOC(=O)C1=CC=CC=C1)C2=CC=CC=C2,7.32,2.62,242.23,52.6,0,4,2,2,0.6
OC(=O)CCC(=O)OOC(=O)CCC(O)=O,3.63,-0.28,234.16,127.2,2,6,6,0,0.474
N=C1NN=C(S1)C2=CC=CC=C2,7.73,1.62,177.23,52.53,2,3,1,2,0.683
S=C1NC(=CS1)C2=CC=CC=C2,8.1,3.47,193.3,15.79,1,2,1,2,0.686
S1N=C2C=CC=CC2=N1,6.65,1.69,136.18,25.78,0,3,0,2,0.55
S=C1NCCS1,6.28,0.61,119.21,12.03,1,2,0,0,0.469
CC1=C(C)SC(=S)N1,7.3,2.42,145.25,15.79,1,2,0,1,0.554
CCCCOC1=CC=C(NC(=S)NC2=CC=C(C=C2)N(C)C)C=C1,6.52,4.74,343.5,36.53,2,3,7,2,0.561
CCC1=C(NC(=S)NC2=C(CC)C=CC=C2)C=CC=C1,7.42,4.62,284.43,24.06,2,1,4,2,0.801
CCN(CC)CCOC1=CC=C(NC(=S)NC2=CC=C(OCC(C)C)C=C2)C=C1,5.82,5.25,415.6,45.76,2,4,11,2,0.489
CCCCOC1=CC=C(NC(=S)NC2=CC=C(OCCN(CC)CC)C=C2)C=C1,6.27,5.4,415.6,45.76,2,4,12,2,0.358
S=C(NC1=CC=CC=C1)NC2=CC=CC=C2,8.27,3.5,228.32,24.06,2,1,2,2,0.769
CC1=CC=C(NC(=S)NC2=CC=C(C)C=C2)C=C1,8.25,4.11,256.37,24.06,2,1,2,2,0.791
S=C(NNC1=CC=CC=C1)NNC2=CC=CC=C2,7.99,2.5,258.35,48.12,4,3,4,2,0.501
NNC(=S)NN,3.91,-1.8,106.15,76.1,4,3,0,0,0.166
CC(=O)NC1=CC=C(C=C1)C=NNC(=S)NN,5.96,0.32,251.32,91.54,4,4,3,1,0.269
NNC(=S)NN=CC1=CC=CC=C1,6.39,0.36,194.26,62.44,3,3,2,1,0.275
NNC(=S)NN=CC1=CC=CO1,5.48,-0.05,184.22,75.58,3,4,2,1,0.26
NNC(=S)NN=CC1=CC=C(C=C1)[N+]([O-])=O,5.76,0.27,239.26,105.58,3,5,3,1,0.23
NNC(=S)NN=CC1=CC=CC(=C1)[N+]([O-])=O,5.52,0.27,239.26,105.58,3,5,3,1,0.23
NNC(=S)NN=CC1=CC=CN=C1,5.55,-0.25,195.25,75.33,3,4,2,1,0.263
NNC(=S)NN=CC1=CC=CN1,6.04,-0.31,183.24,78.23,4,3,2,1,0.219
NNC(=S)NN=CC1=CC=C2C=CC=CC2=N1,6.89,0.91,245.31,75.33,3,4,2,2,0.317
NNC(=S)NN=CC1=C2C=CC=CC2=NC=C1,6.68,0.91,245.31,75.33,3,4,2,2,0.317
NNC(=S)NN=CC1=CC=CS1,6.52,0.42,200.29,62.44,3,4,2,1,0.28
NC(=S)NNS(=O)(=O)C1=CC=CC=C1,5.45,-0.29,231.3,84.22,3,3,3,1,0.492
NC(=S)NNC(=O)C1=CC=CC=C1,6.54,0.16,195.25,67.15,3,2,1,1,0.441
NC(=S)NNC(=O)C1=CC=C(C=C1)[N+]([O-])=O,5.84,0.07,240.24,110.29,3,4,2,1,0.383
NC(=S)NNC(=O)C1=CC(=CC=C1)[N+]([O-])=O,5.62,0.07,240.24,110.29,3,4,2,1,0.383
NNC(=S)NC1=CC=CC=C1,6.93,0.85,167.24,50.08,3,2,1,1,0.33
CC(=NNC(N)=S)C1=CC=C(Cl)C=C1,6.72,1.9,227.72,50.41,2,2,2,1,0.461
NC(=S)NN=CC=CC1=CC=CC=C1,7.05,1.52,205.29,50.41,2,2,3,1,0.447
CC(=NNC(N)=S)C1=CC=CS1,6.68,1.31,199.3,50.41,2,3,2,1,0.429
CC(=NO)C(C)=NNC(N)=S,5.3,0.05,174.23,83.0,3,4,2,0,0.239
CCC(C)=NNC(N)=S,6.3,0.61,145.23,50.41,2,2,2,0,0.34
CCOC(=O)CC(C)=NNC(N)=S,5.01,0.15,203.27,76.71,2,4,4,0,0.294
CC(C)=NNC(N)=S,5.5,0.22,131.2,50.41,2,2,1,0,0.304
COC1=CC=C(C=C1)C=NNC(N)=S,5.99,0.86,209.27,59.64,2,3,3,1,0.44
CC(=NNC(N)=S)C1=CC=CC=C1,6.93,1.24,193.28,50.41,2,2,2,1,0.422
CC(C)CNC(=S)NN=CC1=CC=C(NC(C)=O)C=C1,6.55,2.1,292.41,65.52,3,3,5,1,0.442
CC=CC=NNC(N)=S,6.34,0.38,143.22,50.41,2,2,2,0,0.334
NC(=S)NN=C1CCCCC1,5.97,1.14,171.27,50.41,2,2,1,0,0.459
CCS(=O)(=O)C1=CC=C(C=C1)C=NNC(N)=S,6.36,0.65,271.37,84.55,2,4,4,1,0.477
CCCCCCC=NNC(N)=S,6.24,1.78,187.31,50.41,2,2,6,0,0.288
CC(=NNC(N)=S)C1=CC=C(O)C=C1,6.59,0.95,209.27,70.64,3,3,2,1,0.385
NC(=S)NN=C1C(=O)NC2=C1C=CC=C2,6.1,0.18,220.26,79.51,3,3,1,1,0.466
COC1=CC=C(C=C1)C(C)=NNC(N)=S,6.67,1.25,223.3,59.64,2,3,3,1,0.46
NC(=S)NN=CC1=C2C=CC=CC2=CC=C1,7.41,2.01,229.31,50.41,2,2,2,2,0.47
NC(=S)NN=CC1=C(O)C=CC(=C1)[N+]([O-])=O,5.98,0.47,240.24,113.78,3,5,3,1,0.306
NC(=S)NN=CC1=CC=C(S1)[N+]([O-])=O,5.88,0.82,230.27,93.55,2,5,3,1,0.347
CC1(C)[CH]2CC[CH](C=NNC(N)=S)[CH]1C2,6.69,1.88,225.36,50.41,2,2,2,0,0.428
NC(=S)NN=CC1=CC2=C(OCO2)C=C1,6.06,0.58,223.26,68.87,2,4,2,1,0.436
CCCOC1=CC=C(C=C1)C=NNC(N)=S,6.55,1.64,237.33,59.64,2,3,5,1,0.464
NC(=S)NN=CC1=CC=CC=N1,6.1,0.25,180.24,63.3,2,3,2,1,0.389
NC(=S)NN=CC1=CC=CN=C1,5.6,0.25,180.24,63.3,2,3,2,1,0.389
NC(=S)NN=CC1=CC=NC=C1,5.69,0.25,180.24,63.3,2,3,2,1,0.389
NC(=S)NN=CC1=C2C=CC=CC2=NC=C1,7.22,1.4,230.3,63.3,2,3,2,2,0.465
NC(=S)NN=CC1=C(O)C=CC=C1,6.44,0.56,195.25,70.64,3,3,2,1,0.366
NC(=S)NN=CC1=CC=CS1,6.49,0.92,185.28,50.41,2,3,2,1,0.409
COC1=C(O)C=CC(=C1)C=NNC(N)=S,6.19,0.57,225.27,79.87,3,4,3,1,0.398
C1=CC=C(C=C1)C=NC2=CC=CC=C2,7.61,3.44,181.24,12.36,0,1,2,2,0.629
CN(C)C1=[S+][Zn]2(S1)SC(=[S+]2)N(C)C,5.87,0.76,305.83,6.48,0,4,0,0,0.37
CC(C)(C)CC(C)(C)C1=CC=C(OCCOCCSC(N)=N)C=C1,5.82,4.42,352.54,68.33,2,4,9,1,0.392
NC1=NC(=C2N=C(CNC3=CC=C(C=C3)C(=O)N[CH](CCC(O)=O)C(O)=O)C=NC2=N1)N,5.3,0.24,440.42,219.33,6,10,9,3,0.263
CN(CC1=NC2=C(N)N=C(N)N=C2N=C1)C3=CC=C(C=C3)C(=O)N[CH](CCC(O)=O)C(O)=O,4.87,0.27,454.45,210.54,5,10,9,3,0.295
CC(=O)OCC(=O)[C]1(O)CC[CH]2[CH]3CCC4=CC(=O)CC[C]4(C)[CH]3[CH](O)C[C]12C,6.26,2.35,404.5,100.9,2,6,3,0,0.701
N[CH](COC(=O)C=[N+]=[N-])C(O)=O,2.57,-1.76,173.13,126.02,2,4,4,0,0.225
NC1=NC(=C2N=CNC2=N1)N,6.06,-0.48,150.14,106.5,3,5,0,2,0.47
ClC1=C2N=CNC2=NC=N1,7.06,1.01,154.56,54.46,1,3,0,2,0.576
O=P(N1CCOCC1)(N2CC2)N3CC3,5.42,0.06,217.21,35.56,0,2,3,0,0.493
CCOC(N)=O,5.91,0.1,89.09,52.32,1,2,1,0,0.495
CNC(C)=O,6.1,-0.25,73.09,29.1,1,1,0,0,0.421
NC1=NC(=C2N=NNC2=N1)O,5.47,-0.96,152.12,113.6,3,6,0,2,0.447
CS(=O)(=O)OCCCCOS(C)(=O)=O,3.56,-0.28,246.31,86.74,0,6,7,0,0.453
CCSCC[CH](N)C(O)=O,5.45,0.54,163.24,63.32,2,3,5,0,0.581
NC1=NC(=C2N=CNC2=N1)S,6.31,0.22,167.2,80.48,3,5,0,2,0.387
N1C=NC2=C1N=CN=C2,6.56,0.35,120.11,54.46,1,3,0,2,0.545
N[CH](CC1=CC=CS1)C(O)=O,6.6,0.7,171.22,63.32,2,3,3,1,0.703
SC1=C2N=CNC2=NC=N1,6.62,0.64,152.18,54.46,2,4,0,2,0.43
OC1=NC(=C2N=NNC2=N1)O,5.43,-0.84,153.1,107.81,3,6,0,2,0.455
COC1=CC=C2C(=CC1=O)[CH](CCC3=CC(=C(OC)C(=C23)OC)OC)NC(C)=O,6.56,2.87,399.44,83.09,1,6,5,2,0.833
N[CH](C=O)[CH](O)[CH](O)[CH](O)CO,2.0,-3.41,179.17,124.01,5,6,5,0,0.28
N1C=NC2=C1C=CC=C2,7.17,1.56,118.14,28.68,1,1,0,2,0.558
NC1=NC(=C2C=NNC2=N1)O,5.72,-0.36,151.13,100.71,3,5,0,2,0.477
CC(=O)C1=CC=CN=C1,6.28,1.28,121.14,29.96,0,2,1,1,0.524
CN(CCCl)CCCl,6.15,1.4,156.06,3.24,0,1,4,0,0.556
CS(C)=O,5.96,-0.01,78.14,17.07,0,1,0,0,0.398
CC(=O)N[CH](O)C(Cl)Cl,5.69,0.24,172.01,49.33,2,2,2,0,0.463
O[CH](NC(=O)C1=CC=CC=C1)C(Cl)Cl,7.63,1.54,234.08,49.33,2,2,3,1,0.615
O[CH](NC(=O)CC1=CC=CC=C1)C(Cl)Cl,7.0,1.47,248.11,49.33,2,2,4,1,0.626
CC1=CC=C(C=C1)C(=O)C(Cl)=NO,6.73,2.2,197.62,49.66,1,3,2,1,0.342
CC(=O)NC1=CC=C(C=C1)C(=O)CCl,6.68,2.07,211.65,46.17,1,2,3,1,0.615
ON=C(Cl)C(=O)C1=CC=C(C=C1)C2=CC=CC=C2,7.21,3.56,259.69,49.66,1,3,3,2,0.397
ON1C(=O)C2=C(C=CC=C2)C1=O,6.15,0.67,163.13,57.61,1,3,0,1,0.451
CCN(CC)C(=S)SCCC(N)=O,6.14,1.22,220.36,46.33,1,3,5,0,0.708
NC(=O)CCSC(=S)N1CCOCC1,6.2,0.21,234.35,55.56,1,4,3,0,0.708
CCCCCCCCCCCCCCCC1=CC=C(O)C=C1,4.24,7.03,304.52,20.23,1,1,14,1,0.366
CCCCCCCCCCCCCCCC1=CC(=C(O)C=C1)O,4.78,6.73,320.52,40.46,2,2,14,1,0.294
CCCCCCCCCCCCCCCC1=C(O)C=C(O)C=C1,4.38,6.73,320.52,40.46,2,2,14,1,0.373
CCCCCCCCCCCCCCCC1=CC(=CC(=C1)O)O,4.55,6.73,320.52,40.46,2,2,14,1,0.373
COB(OC)OC,5.65,-0.09,103.91,27.69,0,3,3,0,0.468
CCCOB(OCCC)OCCC,5.69,2.25,188.08,27.69,0,3,9,0,0.519
CCCCOB(OCCCC)OCCCC,5.99,3.42,230.16,27.69,0,3,12,0,0.379
CCCCCOB(OCCCCC)OCCCCC,5.15,4.59,272.24,27.69,0,3,15,0,0.322
CCCCCCOB(OCCCCCC)OCCCCCC,3.91,5.76,314.32,27.69,0,3,18,0,0.238
CC(C)C[CH](C)OB(O[CH](C)CC(C)C)O[CH](C)CC(C)C,5.13,5.32,314.32,27.69,0,3,12,0,0.456
CCCCCCCCOB(OCCCCCCCC)OCCCCCCCC,2.0,8.1,398.48,27.69,0,3,24,0,0.121
CC(C)CC(CC(C)C)OB(OC(CC(C)C)CC(C)C)OC(CC(C)C)CC(C)C,2.0,8.4,440.56,27.69,0,3,18,0,0.2
CCCCCCCCCCCCOB(OCCCCCCCCCCCC)OCCCCCCCCCCCC,2.0,12.78,566.81,27.69,0,3,36,0,0.056
C[CH]1CC(C)(C)OB(O1)O[CH](C)CC(C)(C)OB2O[CH](C)CC(C)(C)O2,5.56,3.75,370.1,55.38,0,6,6,0,0.664
CC1=CC=C(C=C1)C(=O)OC2=CC=CC=C2,7.23,3.21,212.25,26.3,0,2,2,2,0.564
CC(C)CCC[CH](C)[CH]1CC[CH]2[CH]3C[CH](Br)[C]4(Br)C[CH](Cl)CC[C]4(C)[CH]3CC[C]12C,2.0,9.61,564.92,0.0,0,0,5,0,0.292
CCCCC(C(O)=O)C(O)=O,6.15,0.96,160.17,74.6,2,2,5,0,0.587
NC(=S)NC1=C(Br)C=C(Br)C=C1Br,7.64,3.63,388.91,38.05,2,1,1,1,0.721
O=C(CC(CC(=O)C1=CC=CC=C1)C2=CC=CC=N2)C3=CC=CC=C3,6.34,4.71,329.4,47.03,0,3,7,3,0.59
O=C(CC(CC(=O)C1=CC=CC=C1)C2=CC=NC=C2)C3=CC=CC=C3,6.77,4.71,329.4,47.03,0,3,7,3,0.59
CCC1=CC=C(C=CC2=CC=C(C=C2)[N+]([O-])=O)N=C1,6.96,3.72,254.29,56.03,0,3,4,2,0.617
O[CH](CC(=O)C1=CC=CC=C1)C2=CC=NC=C2,7.42,2.39,227.26,50.19,1,3,4,2,0.816
ClC1=CC=C(C=C1)C(=O)C=CC2=NC=CC=C2,7.45,3.63,243.69,29.96,0,2,3,2,0.609
O=C(C=CC1=CC=CC=C1)C2=CC=CC=N2,7.41,2.98,209.25,29.96,0,2,3,2,0.574
O=C(C=CC1=NC=CC=C1)C2=CC=CC=C2,7.31,2.98,209.25,29.96,0,2,3,2,0.574
OC(C=CC1=CC=CC=C1)(C#CC2=CC=CC=C2)C#CC3=CC=CC=C3,7.82,4.53,334.42,20.23,1,1,2,3,0.683
CC1=CC=C(C=C1)C(=O)C2=CC=C(O)C=C2,7.22,2.93,212.25,37.3,1,2,2,2,0.777
OC(=O)[CH]1OC2=CC=CC=C2[CH]1C3=CC=CC=C3,7.73,2.66,240.26,46.53,1,2,2,2,0.877
BrC1=C2C=CC=CC2=CC3=C1C=CC=C3,7.82,4.76,257.13,0.0,0,0,0,3,0.509
COC(=O)C1=C(O)C(=C2C=CC=CC2=C1)[N+]([O-])=O,6.75,2.24,247.21,89.67,1,5,2,2,0.499
OC(=O)C1=CC(=O)C(=C(O1)C(O)=O)O,5.11,-0.26,200.1,125.04,3,5,2,1,0.6
O(B(OC1=CC=CC=C1)OC2=CC=CC=C2)C3=CC=CC=C3,6.85,4.21,290.13,27.69,0,3,6,3,0.636
CC1=C(OB(OC2=C(C)C=CC=C2)OC3=C(C)C=CC=C3)C=CC=C1,6.97,5.13,332.21,27.69,0,3,6,3,0.586
ClC1=C(OB(OC2=C(Cl)C=CC=C2)OC3=C(Cl)C=CC=C3)C=CC=C1,5.95,6.17,393.46,27.69,0,3,6,3,0.469
CCCCCCCCCCCCCCCCCCC(CO)CO,4.31,6.24,328.58,40.46,2,2,19,0,0.276
CCCCC(CCC1CCCC1)(C(O)=O)C(O)=O,6.3,3.3,256.34,74.6,2,2,8,0,0.653
CN1CCC[CH]1[CH]2CCCNC2,6.64,1.08,168.28,15.27,1,2,1,0,0.63
CCOC(=O)[CH](CCC1=CC=CC=C1)C(C)=O,6.6,2.39,234.3,43.37,0,3,6,1,0.56
CC(=O)CCC1=CC=CC=C1,6.88,2.21,148.2,17.07,0,1,3,1,0.642
CCCCCCCCCCCCS,5.97,4.84,202.41,0.0,1,1,10,0,0.38
CC(C)OCCCN,5.89,0.76,117.19,35.25,1,2,4,0,0.552
CCOC(OCC)C(C)(C)OC=O,5.36,1.34,190.24,44.76,0,4,7,0,0.449
CC1CSSC1,6.69,2.02,120.24,0.0,0,2,0,0,0.448
O=C(C1CCCCC1)C2=CC=CC=C2,7.2,3.45,188.27,17.07,0,1,2,1,0.65
CC(C)CCOC(OCCC(C)C)OCCC(C)C,5.28,4.46,274.44,27.69,0,3,12,0,0.492
OC(=O)C(F)(F)C(F)(F)C(F)(F)F,7.13,1.9,214.04,37.3,1,1,2,0,0.712
C[CH]1CCC[CH](C)[CH]1O,6.71,1.8,128.21,20.23,1,1,0,0,0.527
CCC1=CC=NC=C1,6.92,1.64,107.16,12.89,0,1,1,1,0.531
CCCCCCCCCCCCCCCCSSCCCCCCCCCCCCCCCC,2.0,13.33,515.01,0.0,0,2,31,0,0.067
CC1(C)[CH](CC[C]1(C)C(O)=O)C(O)=O,6.96,1.6,200.23,74.6,2,2,2,0,0.71
CC1=CC(=C(C=C1)C(=O)C2=CC=CC=C2)C,7.57,3.53,210.28,17.07,0,1,2,2,0.693
CC(=O)C1=CC=C(C=C1)C(C)(C)C,7.47,3.19,176.26,17.07,0,1,1,1,0.6
CCCCCCCC(C(=O)OCC)C(=O)OCC,5.04,3.09,258.36,52.6,0,4,10,0,0.343
CCCC(CCC1CCCC1)(C(O)=O)C(O)=O,6.47,2.91,242.31,74.6,2,2,7,0,0.673
CCC1(C)OCCO1,6.52,1.16,116.16,18.46,0,2,1,0,0.511
OC(=O)C=CC1=CC=NC=C1,6.69,1.18,149.15,50.19,1,2,2,1,0.642
CCOC(=O)C(CCCCC(C(=O)OCC)C(=O)OCC)C(=O)OCC,4.48,2.03,374.43,105.2,0,8,13,0,0.209
CCOC(=O)C[CH](C(C(=O)OCC)C(=O)OCC)C1=CC=CC=C1,5.35,2.47,336.38,78.9,0,6,9,1,0.391
CC(=O)C1=C(C)C=C(C)C(=C1)C,7.55,2.81,162.23,17.07,0,1,1,1,0.58
OCC#CCO,5.62,-1.03,86.09,40.46,2,2,0,0,0.37
C1=CC=C(C=C1)C=C2C=CC3=C2C=CC=C3,7.54,4.25,204.27,0.0,0,0,1,2,0.651
CC(C)(C(O)=O)C(O)=O,5.62,0.18,132.11,74.6,2,2,2,0,0.525
CC(C)O[CH](C(O)=O)C1=CC=CC=C1,7.36,2.24,194.23,46.53,1,2,4,1,0.799
C1=CN2N=NN=C2C=C1,6.59,0.12,120.11,43.08,0,3,0,2,0.496
C1=CN2N=NC=C2C=C1,6.64,0.73,119.13,30.19,0,2,0,2,0.511
CC1=CN2N=NN=C2C(=C1)[N+]([O-])=O,5.63,0.34,179.14,86.22,0,5,1,2,0.465
O=C1NN(NO1)C2CCCCC2,6.13,0.7,171.2,53.6,2,4,1,0,0.609
CC1=CC(=C(N=O)N=C1)N=O,5.97,2.19,151.12,71.75,0,5,2,1,0.608
CCCCC(CCCC)C(O)=O,6.27,3.07,172.27,37.3,1,1,7,0,0.64
CC(=C)[CH]1CCC(=CC1)C,6.73,3.31,136.24,0.0,0,0,1,0,0.485
C[CH]1CC(=CC(=O)C1)C,6.52,1.93,124.18,17.07,0,1,0,0,0.482
CC1=CC(=O)C[CH](C1)C2=CC=CC=C2,7.25,3.08,186.25,17.07,0,1,1,1,0.658
CC(C)NCCCN,6.02,0.33,116.21,38.05,2,2,4,0,0.52
CC(C)(C)C(=O)C(C)(C)C,7.24,2.65,142.24,17.07,0,1,0,0,0.508
CC1=CC(=C(C)C=C1)OCC=C,6.88,2.87,162.23,9.23,0,1,3,1,0.621
CCCCCCCCCCS,6.66,4.06,174.35,0.0,1,1,8,0,0.416
CCCCCCCCCCCCCS,5.61,5.23,216.43,0.0,1,1,11,0,0.355
CCC(=O)C1=CC=C(C)C=C1,7.09,2.59,148.2,17.07,0,1,2,1,0.589
CC1(C)CC2=CC(=CC=C2O1)Br,7.57,3.16,227.1,9.23,0,1,0,1,0.661
CC(CS)CS,6.71,1.48,122.26,0.0,2,2,2,0,0.509
NC(=N)SCCCCCSC(N)=N,6.12,1.41,220.37,99.74,4,4,6,0,0.309
CCCC(=O)C1=C(OC)C=CC(=C1)C,6.93,2.99,192.26,26.3,0,2,4,1,0.685
CCCCC(=O)C1=CC(=C(OC)C=C1)C,6.92,3.38,206.28,26.3,0,2,5,1,0.69
CCC1=CC=C(C=C1)[N+]([O-])=O,6.74,2.16,151.16,43.14,0,2,2,1,0.48
CC1=CC=C(C=C1)S(=O)(=O)OCCCCl,6.97,2.33,248.73,43.37,0,3,5,1,0.456
CCCC1=C(C)C(=CC=C1O)C,7.29,2.96,164.25,20.23,1,1,2,1,0.712
CC1=CC(=C(C(=C1)C)C(=O)CBr)C,6.98,3.19,241.13,17.07,0,1,2,1,0.574
CCCCCCCCCCCCSC(SCCCCCCCCCCCC)SCCCCCCCCCCCC,2.0,15.23,617.22,0.0,0,3,36,0,0.051
[O-][N+](=O)C1=CC=C(C=C1)C=NN=CC2=CC=C(C=C2)[N+]([O-])=O,5.86,2.96,298.26,111.0,0,6,5,2,0.48
OC1=C(C=CC=C1)C=NN=CC2=C(O)C=CC=C2,7.13,2.55,240.26,65.18,2,4,3,2,0.639
ClC1=CC=C(C=C1)C=NN=CC2=CC=C(Cl)C=C2,7.3,4.45,277.15,24.72,0,2,3,2,0.585
CC(=NN=C(C)C1=CC(=CC=C1)[N+]([O-])=O)C2=CC=CC(=C2)[N+]([O-])=O,6.28,3.74,326.31,111.0,0,6,5,2,0.473
C1=CC=C(C=C1)C=CC=NN=CC=CC2=CC=CC=C2,6.67,4.47,260.34,24.72,0,2,5,2,0.559
OC1=CC=C(C=C1)C=NCCN=CC2=CC=C(O)C=C2,6.93,2.64,268.32,65.18,2,4,5,2,0.646
[O-][N+](=O)C1=CC=C(C=C1)N=CC2=CC=C(Cl)C=C2,6.83,4.0,260.68,55.5,0,3,3,2,0.476
C1C[N+]2=CC3=CC=CC=C3O[Cu]24OC5=CC=CC=C5C=[N+]14,7.28,1.86,329.85,24.48,0,2,0,2,0.689
C1C[N+]2=CC3=CC=CC=C3O[Ni]24OC5=CC=CC=C5C=[N+]14,7.58,1.86,324.99,24.48,0,2,0,2,0.691
C1C[N+]2=CC3=CC=CC=C3O[Zn]24OC5=CC=CC=C5C=[N+]14,7.47,1.86,331.69,24.48,0,2,0,2,0.688
CCCCCCCCCCCCCCCCOC(=O)CC(=O)OCCCCCCCCCCCCCCCC,2.0,11.43,552.93,52.6,0,4,32,0,0.047
ClC1=CC=C(C=C1)C=CC2=CC=CC=C2,7.85,4.51,214.69,0.0,0,0,2,2,0.646
C[CH](CC(CCC(O)=O)(C1=CC=CC=C1)C2=CC=CC=C2)N(C)C,7.42,4.18,325.45,40.54,1,2,8,2,0.791
CC[CH](O)C(C[CH](C)N(C)C)(C1=CC=CC=C1)C2=CC=CC=C2,7.09,4.08,311.47,23.47,1,2,7,2,0.832
CCC(=O)C(C[CH](C)[N+](C)(C)C)(C1=CC=CC=C1)C2=CC=CC=C2,6.81,4.44,324.49,17.07,0,1,7,2,0.688
C[CH](CC(C1=CC=CC=C1)C2=CC=CC=C2)[N+](C)(C)C,7.41,4.3,268.42,0.0,0,0,5,2,0.709
CN(C)CCC1(CCN(C)C)C(=O)CCC2=C1C=CC=C2.OCl(=O)(=O)=O,3.17,-1.78,388.89,112.96,1,7,6,1,0.612
C1CC[CH]2NCCC[CH]2C1,7.21,1.93,139.24,12.03,1,1,0,0,0.54
OC1=CC=C(C=C1C=O)[N+]([O-])=O,6.56,1.11,167.12,80.44,1,4,2,1,0.406
OC(=O)C1=C(O)C=C(C=C1)[N+]([O-])=O,6.14,1.0,183.12,100.67,2,4,2,1,0.526
OC(=O)C1=C(OCC2=CC=CC=C2)C=C(C=C1)[N+]([O-])=O,6.53,2.87,273.24,89.67,1,4,5,2,0.668
N#CC(C1=CC=CC=C1)C2=CC=CC=C2,7.16,3.34,193.25,23.79,0,1,2,2,0.717
CN(C)C1=C(N)C=C(C=C1)C(=O)C2=CC(=C(C=C2)N(C)C)N,6.83,2.21,298.39,75.59,2,5,4,2,0.668
NC1=C(C=C(Br)C=C1Br)C(O)=O,7.37,2.49,294.93,63.32,2,2,1,1,0.782
CCCCCCCCCCCCCCCCCCCCCCCCCCCCCCCS,2.0,12.25,468.92,0.0,1,1,29,0,0.082
CCCC(O)(CCC)CC(C)(C)C,6.64,3.75,186.34,20.23,1,1,5,0,0.693
CCCCCCCCCCCC(N)=O,6.17,3.39,199.34,43.09,1,1,10,0,0.538
CC(C)(C)C#N,6.5,1.56,83.13,23.79,0,1,0,0,0.436
CC(C)(C)COC(=O)C(C)(C)C,6.96,2.62,172.27,26.3,0,2,1,0,0.568
CC(C)C(=O)C(C)(C)C,7.37,2.26,128.21,17.07,0,1,1,0,0.529
CC(C)(C)COC(=O)C(C)(C)CC(C)(C)C,6.35,4.04,228.38,26.3,0,2,3,0,0.681
CCC(CC)C(=O)OCC(C)(C)C,6.37,3.01,186.29,26.3,0,2,4,0,0.631
CC(C)(C)COC(=O)C1=CC=CC=C1,7.3,2.89,192.26,26.3,0,2,2,1,0.673
CCC(=O)CC(C)(C)C,6.88,2.4,128.21,17.07,0,1,2,0,0.558
CCCCCC(C)(O)CCCCC,6.87,3.9,186.34,20.23,1,1,8,0,0.57
CCCCCC(C)(C)O,6.92,2.34,130.23,20.23,1,1,4,0,0.579
CCC(C)(C)C(=O)C(C)(C)C,6.69,3.04,156.27,17.07,0,1,2,0,0.6
CCC(O)(CC)C(C)C,7.01,2.19,130.23,20.23,1,1,3,0,0.621
CCCCCC(O)(CCCC)CCCC,6.25,4.68,214.39,20.23,1,1,10,0,0.524
CCCCC(O)(C(C)C)C(C)C,7.03,3.22,172.31,20.23,1,1,5,0,0.675
CCCCC[C](C)(O)CC,6.88,2.73,144.26,20.23,1,1,5,0,0.588
CC(C)(C)CC(C)(C)O,7.26,2.19,130.23,20.23,1,1,1,0,0.577
CCCCC(O)(CCCC)CC(C)(C)C,6.67,4.53,214.39,20.23,1,1,7,0,0.66
CCCOC(=O)C(CC(C)(C)C)CC(C)(C)C,6.54,4.43,242.4,26.3,0,2,5,0,0.667
CCCCCCCCCCCCCCCC[CH](O)C(O)=O,5.11,5.3,300.48,57.53,2,2,16,0,0.38
CCC[C](C)(O)C(C)(C)C,6.97,2.58,144.26,20.23,1,1,2,0,0.631
C[CH](CC(C)(C)C)C(Cl)=O,6.79,2.82,162.66,17.07,0,1,2,0,0.571
CCCCCCCCCCCCCC#N,5.59,5.21,209.38,23.79,0,1,11,0,0.428
CC=C(C)C1=CC=CC=C1,7.18,3.11,132.21,0.0,0,0,1,1,0.55
C[CH](C(C)=O)C(C)(C)C,6.83,2.26,128.21,17.07,0,1,1,0,0.529
CC(C)(C)C(=O)C(C)(C)C(C)(C)C,6.72,3.67,184.32,17.07,0,1,1,0,0.607
CC(C)C(C)(C)C(C)=O,6.69,2.26,128.21,17.07,0,1,2,0,0.557
CCCC(CCC)(CCC)C#N,6.62,3.9,167.3,23.79,0,1,6,0,0.588
CCCC(=O)CC(C)(C)C,6.74,2.79,142.24,17.07,0,1,3,0,0.592
CCCCCC(O)(CC)CCCCC,6.22,4.29,200.37,20.23,1,1,9,0,0.55
CCCCC(O)(CC)CCCC,6.26,3.51,172.31,20.23,1,1,7,0,0.623
CCCCC(O)(CCC)CCCC,6.63,3.9,186.34,20.23,1,1,8,0,0.609
CCCCCCCC(O)(CCCCCCC)CCCCCCC,2.85,7.8,326.61,20.23,1,1,18,0,0.255
CCCCCC(O)(CCCC)CCCCC,6.23,5.07,228.42,20.23,1,1,11,0,0.49
CCCC[C](C)(O)CC(C)(C)C,6.83,3.36,172.31,20.23,1,1,4,0,0.689
CC(C)(CCl)C1=CC=CC=C1,7.4,3.2,168.67,0.0,0,0,2,1,0.595
CCCCCCCCCCCCCCCC[CH](Br)C(=O)OCC,3.03,7.18,391.43,26.3,0,2,17,0,0.149
CC(C)(CCl)C1=CC=C(C=C1)C(C)(C)CCl,7.3,4.72,259.22,0.0,0,0,4,1,0.686
C[CH](CC(C)(C)C)C(O)=O,6.8,2.14,144.21,37.3,1,1,2,0,0.644
CCCCCCC(O)(CCCCCC)CCCCCC,4.25,6.63,284.53,20.23,1,1,15,0,0.335
CCC(=O)C(CC(C)(C)C)CC(C)(C)C,6.58,4.45,212.38,17.07,0,1,4,0,0.672
ClCC1=CC=CO1,7.11,2.02,116.55,13.14,0,1,1,1,0.512
CCC(O)(CC)CC(C)(C)C,6.87,2.97,158.28,20.23,1,1,3,0,0.669
CCCCCCCCCCCCCCCC=CC(O)=O,4.47,6.11,282.47,37.3,1,1,15,0,0.291
CC(C)(C)COC=O,6.44,1.21,116.16,26.3,0,2,2,0,0.507
CCCCCC(=O)C(C)(C)C,6.34,3.18,156.27,17.07,0,1,4,0,0.571
CCCCC[C](C)(O)CC(C)(C)C,6.77,3.75,186.34,20.23,1,1,5,0,0.648
CC(=O)C(C)(C)C,6.42,1.62,100.16,17.07,0,1,0,0,0.452
C[CH](CC(C)(C)C)C(=O)OCC(C)(C)C,6.85,3.65,214.35,26.3,0,2,3,0,0.67
CC(C)CC(=O)OCC(C)(C)C,6.16,2.62,172.27,26.3,0,2,3,0,0.612
CCC(CC)(CC)C(O)=O,6.56,2.29,144.21,37.3,1,1,4,0,0.657
C[CH](O)C(C)(C)C,6.87,1.41,102.18,20.23,1,1,0,0,0.49
CC(C)CC(=O)C(C)C,7.0,2.26,128.21,17.07,0,1,3,0,0.569
CC(C)[C](C)(O)CC(C)(C)C,7.03,2.83,158.28,20.23,1,1,2,0,0.655
OC1=NN=C(O)C2=C(C=CC=C12)[N+]([O-])=O,6.23,0.95,207.14,109.38,2,6,1,2,0.532
CCCCC(O)(CCCC)CCCC,6.71,4.29,200.37,20.23,1,1,9,0,0.588
CC(=O)CC(C)(C)C,6.31,2.01,114.19,17.07,0,1,1,0,0.509
CC(=O)OCC(C)(C)C,5.85,1.6,130.19,26.3,0,2,1,0,0.504
CCC(=O)OCC(C)(C)C,6.58,1.99,144.21,26.3,0,2,2,0,0.554
CC(C)(C)C(=O)C(C)(C)CCl,6.65,2.87,176.69,17.07,0,1,2,0,0.592
CCCCCC(O)(CCC)CCC,6.15,3.9,186.34,20.23,1,1,8,0,0.57
CCOC(=O)CC(C)(C)C,6.65,1.99,144.21,26.3,0,2,2,0,0.554
CCCCCCC(=O)C(O)=O,6.06,1.61,158.2,54.37,1,2,6,0,0.472
CCCCC(O)(CCCC)C(C)(C)C,6.46,4.14,200.37,20.23,1,1,6,0,0.683
CC(C)C(C)(C)C(=O)C(C)(C)C(C)(C)C,6.24,4.31,212.38,17.07,0,1,3,0,0.681
CCCCCCCCCCCCCCCC(=O)CCCCCCCCCCCCCCC,2.0,11.52,450.84,17.07,0,1,28,0,0.108
CC(C)CCC(O)(C(C)C)C(C)C,6.98,3.47,186.34,20.23,1,1,5,0,0.697
CC(C)(C)C[C](C)(C(O)=O)C(C)(C)C,6.92,3.56,200.32,37.3,1,1,2,0,0.74
CC(C)(CO)C1=CC=CC=C1,7.76,1.96,150.22,20.23,1,1,2,1,0.683
CC(C)(O)CC(C)(C)C1=CC=CC=C1,7.15,3.13,192.3,20.23,1,1,3,1,0.78
CC(C)(C)CC(=O)CC(C)(C)C,6.4,3.43,170.3,17.07,0,1,2,0,0.62
CCOC(=O)C1=CC=CC=N1,6.26,1.26,151.16,39.19,0,3,2,1,0.597
CCCCOC(=O)C1=CC=CC=N1,6.45,2.04,179.22,39.19,0,3,4,1,0.524
CCCCCCOC(=O)C1=CC=CC=N1,6.48,2.82,207.27,39.19,0,3,6,1,0.532
CCCCCCCCOC(=O)C1=CC=CC=N1,6.14,3.6,235.33,39.19,0,3,8,1,0.51
CCCCCCCCCCOC(=O)C1=CC=CC=N1,5.91,4.38,263.38,39.19,0,3,10,1,0.464
CCC1=CC=CC=N1,6.66,1.64,107.16,12.89,0,1,1,1,0.531
CCC1=CC=NC=C1,7.33,1.64,107.16,12.89,0,1,1,1,0.531
CCCC1=CC=CC=N1,7.02,2.03,121.18,12.89,0,1,2,1,0.583
CCCC1=CC=NC=C1,7.32,2.03,121.18,12.89,0,1,2,1,0.583
CCCC1=NC(=CC=C1)C,7.21,2.34,135.21,12.89,0,1,2,1,0.606
CCCCC1=CC=CC=N1,7.18,2.42,135.21,12.89,0,1,3,1,0.62
CCCCC1=CC=NC=C1,7.21,2.42,135.21,12.89,0,1,3,1,0.62
CCCCC1=CC=CC(=N1)C,7.23,2.73,149.24,12.89,0,1,3,1,0.644
CCCCCC1=NC(=CC=C1)C,7.18,3.12,163.26,12.89,0,1,4,1,0.621
CCCCCCC1=CC=CC(=N1)C,7.25,3.51,177.29,12.89,0,1,5,1,0.627
CCCCCC(CCCCC)C1=CC=CC=N1,5.95,5.33,233.4,12.89,0,1,9,1,0.526
CC[C](C)(O)C#C,6.58,0.78,98.14,20.23,1,1,1,0,0.48
OCC=CCO,5.42,-0.47,88.11,40.46,2,2,2,0,0.448
CC(C)(O)C#N,6.23,0.28,85.11,44.02,1,2,0,0,0.429
CC(C)C[C](C)(O)C#C,6.5,1.42,126.2,20.23,1,1,2,0,0.555
CC(=O)OC[CH]1O[CH](SC2=C(Cl)C=CC(=C2)Cl)[CH](OC(C)=O)[CH](OC(C)=O)[CH]1OC(C)=O,5.52,3.17,509.36,114.43,0,10,7,1,0.401
NC1=C2C=CC=CC2=C(SC#N)C=C1SC#N,6.84,3.57,257.34,73.6,1,5,2,2,0.506
CCN(CC)C1=CC=C(SSC2=CC=C(C=C2)N(CC)CC)C=C1,5.11,6.18,360.59,6.48,0,4,9,2,0.492
ClC1=CC(=C(Cl)C=C1)SSC2=C(Cl)C=CC(=C2)Cl,5.43,7.1,356.13,0.0,0,2,3,2,0.538
CC(=O)OC[CH]1O[CH](SC2=C3C=CC=CC3=CC=C2)[CH](OC(C)=O)[CH](OC(C)=O)[CH]1OC(C)=O,5.27,3.02,490.53,114.43,0,10,7,2,0.424
CC(=O)NC1=C(S[CH]2O[CH](COC(C)=O)[CH](OC(C)=O)[CH](OC(C)=O)[CH]2OC(C)=O)C=CC(=C1)Cl,5.1,2.47,531.97,143.53,1,11,8,1,0.39
NC1=C(SSC2=C(N)C=C(Cl)C=C2)C=CC(=C1)Cl,6.78,4.96,317.27,52.04,2,4,3,2,0.621
CC(=O)C1=CC=C(SSC2=CC=C(C=C2)C(C)=O)C=C1,6.31,4.89,302.42,34.14,0,4,5,2,0.581
CCCN(CCC)C1=CC=C(SC#N)C=C1,5.97,3.89,234.37,27.03,0,3,6,1,0.552
CCN(CC)C1=CC=C(SC#N)C=C1,6.59,3.11,206.31,27.03,0,3,4,1,0.559
CN(C)C1=CC=C(SSC2=CC=C(C=C2)N(C)C)C=C1,6.28,4.62,304.48,6.48,0,4,5,2,0.743
CN(CC1=CC=CC=C1)C2=CC=C(SC#N)C=C2,6.6,3.9,254.36,27.03,0,3,4,2,0.611
CCCCN(CCCC)C1=CC=C(SC#N)C=C1,6.19,4.67,262.42,27.03,0,3,8,1,0.503
BrC1=CC=C(SSC2=CC=C(Br)C=C2)C=C1,6.57,6.01,376.14,0.0,0,2,3,2,0.602
CCN(CC1=CC=CC=C1)C2=CC=C(SC#N)C=C2,6.91,4.29,268.38,27.03,0,3,5,2,0.598
CC1=CC=C(SSC2=CC=C(C)C=C2)C=C1,6.76,5.1,246.4,0.0,0,2,3,2,0.691
COC1=CC=C(SSC2=CC=C(OC)C=C2)C=C1,6.83,4.5,278.4,18.46,0,4,5,2,0.749
CCOC1=CC=C(N[CH]2O[CH](CO)[CH](O)[CH](O)[CH]2O)C=C1,5.17,-0.7,299.32,111.41,5,7,5,1,0.489
OC[CH]1O[CH](SC2=C(Cl)C=CC(=C2)Cl)[CH](O)[CH](O)[CH]1O,6.28,0.89,341.21,90.15,4,6,3,1,0.653
CC(C)CC(CC(C)C)=NNC1=C(C=C(C=C1)[N+]([O-])=O)[N+]([O-])=O,5.77,4.36,322.37,110.67,1,6,8,1,0.434
[O-][N+](=O)C1=C(NN=CC2=CC=CC=C2)C=CC=C1,7.08,3.04,241.25,67.53,1,4,4,2,0.508
CC(NC(C)=O)NC(C)=O,5.37,-0.4,144.17,58.2,2,2,2,0,0.518
CCN(CC)CCCN(CC(O)=O)CC(O)=O,4.93,0.19,246.31,81.08,2,4,10,0,0.572
CC(=O)NCNC(C)=O,5.11,-0.78,130.15,58.2,2,2,2,0,0.481
OC(=O)CN(CC(O)=O)CC1=CC=CC=C1,5.61,0.66,223.23,77.84,2,3,6,1,0.74
CC(C)N(CC(O)=O)CC(O)=O,5.16,-0.13,175.18,77.84,2,3,5,0,0.608
C1=CC=C(C=C1)C=NC(N=CC2=CC=CC=C2)C3=CC=CC=C3,6.84,4.92,298.39,24.72,0,2,5,3,0.597
CC(C)(C)C[C]1(C)NC(=O)NC1=O,6.23,1.02,184.24,58.2,2,2,1,0,0.598
CCOC(=O)C(C(C)C)C(=O)OCC,5.56,1.38,202.25,52.6,0,4,5,0,0.499
OC1=C(C=CC2=CC=CN=C12)[CH](NC3=CC=CC=C3)C4=CC=CC=C4,7.99,5.14,326.4,45.15,2,3,4,4,0.545
OCC1=CC(=O)C(=C(O1)[CH](NC2=CC=CC=C2)C3=CC=CC=C3)O,7.72,3.04,323.35,82.7,3,5,5,3,0.672
OC1=C(C=CC2=CC=CN=C12)[CH](NC3=CC=C(C=C3)[N+]([O-])=O)C4=CC=CC=C4,6.73,5.05,371.4,88.29,2,5,5,4,0.378
OC(=O)C1=CC=C(N[CH](C2=CC=CC=C2)C3=C(O)C4=NC=CC=C4C=C3)C=C1,7.56,4.84,370.41,82.45,3,4,5,4,0.468
OC(=O)C1=C(N[CH](C2=CC=CC=C2)C3=C(O)C4=NC=CC=C4C=C3)C=CC=C1,7.77,4.84,370.41,82.45,3,4,5,4,0.468
OC1=C(C=CC2=CC=CN=C12)[CH](NC3=CC=CC=C3)C4=CC=C(C=C4)[N+]([O-])=O,7.1,5.05,371.4,88.29,2,5,5,4,0.378
CC1=CC=NC(=C1)N[CH](C2=CC=CC=C2)C3=C(O)C4=NC=CC=C4C=C3,7.53,4.85,341.41,58.04,2,4,4,4,0.557
CCOC(=O)C1=C(N[CH](C2=CC=CC=C2)C3=C(O)C4=NC=CC=C4C=C3)C=CC=C1,6.67,5.32,398.46,71.45,2,5,6,4,0.43
COC1=C(N[CH](C2=CC=CC=C2)C3=C(O)C(=O)C=C(CO)O3)C=CC=C1,7.46,3.05,353.37,91.93,3,6,6,3,0.631
OCC1=CC(=O)C(=C(O1)[CH](NC2=CC(=CC=C2)Cl)C3=CC=CC=C3)O,7.58,3.69,357.79,82.7,3,5,5,3,0.648
CCCCCCC(C)=NNC1=C(C=C(C=C1)[N+]([O-])=O)[N+]([O-])=O,5.48,4.26,308.34,110.67,1,6,9,1,0.317
CC[C](C)(N)C(O)=O,6.0,0.2,117.15,63.32,2,2,2,0,0.543
CC[C]1(C)NC(=O)NC1=O,6.06,-0.01,142.16,58.2,2,2,1,0,0.506
CCCCCC[C]1(C)NC(=O)NC1=O,6.19,1.55,198.27,58.2,2,2,5,0,0.52
CC1=CC(=CC=C1O)[N+]([O-])=O,6.94,1.61,153.14,63.37,1,3,1,1,0.492
CCC[C]1(NC(=O)NC1=O)C2=CC=CC=C2,7.06,1.52,218.26,58.2,2,2,3,1,0.756
O=C1NC(=O)C2(CCCC2)N1,6.48,0.14,154.17,58.2,2,2,0,0,0.487
CC[C](C)(O)C#C[C](C)(O)CC,6.51,1.31,170.25,40.46,2,2,2,0,0.613
NC1(CCCC1)C(O)=O,6.45,0.34,129.16,63.32,2,2,1,0,0.536
CC(C)(Br)C(=O)C(Br)Br,6.92,2.84,322.82,17.07,0,1,2,0,0.715
CCOC(=O)NC(NC(=O)OCC)C=CC1=CC=CC=C1,6.56,2.52,292.33,76.66,2,4,6,1,0.79
CC(C)CCO,6.37,1.02,88.15,20.23,1,1,2,0,0.534
OC[CH]1OC(=O)[CH](O)[CH]1O,3.0,-2.37,148.11,86.99,3,5,1,0,0.362
C[CH](NC(=O)N[CH](C)C(N)=O)C#N,4.76,-0.93,184.2,108.01,3,3,3,0,0.527
CC(C)(NC(=O)NC(C)(C)C(N)=O)C#N,5.51,-0.15,212.25,108.01,3,3,3,0,0.605
CCOC(=O)NC(CC)NC(=O)OCC,5.86,1.21,218.25,76.66,2,4,5,0,0.68
CCOC(=O)NC(C)NC(=O)OCC,5.88,0.82,204.23,76.66,2,4,4,0,0.665
CCOC(=O)NC(NC(=O)OCC)[CH](Cl)CC,6.59,1.82,266.72,76.66,2,4,6,0,0.568
CCOC(=O)NC(CCl)NC(=O)OCC,6.26,1.04,238.67,76.66,2,4,5,0,0.554
CCOC(=O)NC(NC(=O)OCC)C(Cl)Cl,6.19,1.61,273.12,76.66,2,4,5,0,0.589
OC1=CC(=C(C=C1)C2=C(N=C3C=CC=CC3=N2)C4=C(O)C=C(O)C=C4)O,7.87,3.79,346.34,106.7,4,6,2,4,0.44
CN(C)CCN(CC(O)=O)CC(O)=O,4.22,-0.98,204.23,81.08,2,4,7,0,0.554
CCN(CC)CCN(CC(O)=O)CC(O)=O,4.87,-0.2,232.28,81.08,2,4,9,0,0.573
CCN(CC(O)=O)CC(O)=O,4.63,-0.52,161.16,77.84,2,3,5,0,0.567
CC(=O)NC1=CC(=C(C=C1)S(O)(=O)=O)OC(C)=O.C2=CC=NC=C2,6.36,1.9,352.37,122.66,2,6,3,2,0.491
CC(C)(CCN(CC(O)=O)CC(O)=O)[N+]([O-])=O,3.97,-0.1,248.23,120.98,2,5,8,0,0.454
CC(C)(CCN)[N+]([O-])=O,5.54,0.39,132.16,69.16,1,3,3,0,0.446
CC(C)(CC(O)=O)C1=CC=CC=C1,7.4,2.44,178.23,37.3,1,1,3,1,0.771
CCC(C)(C)N,6.43,1.13,87.17,26.02,1,1,1,0,0.51
O[Hg]C1=CC=C(C=C1)C(O)=O,6.66,-0.0,338.71,57.53,2,2,2,1,0.746
OC1=C(SC2=C(O)C=CC(=C2)Br)C=C(Br)C=C1,7.11,4.77,376.07,40.46,2,3,2,2,0.793
OC1=C(C=C(Br)C=C1)S(=O)(=O)C2=C(O)C=CC(=C2)Br,7.05,3.46,408.07,74.6,2,4,2,2,0.799
CCC(CC)=NNC1=C(C=C(C=C1)[N+]([O-])=O)[N+]([O-])=O,5.88,3.09,266.26,110.67,1,6,6,1,0.483
CC(C)(C)NC(=O)NC(C)(C)C,7.34,1.88,172.27,41.13,2,1,0,0,0.575
OC1=CC(=C(C=C1)C(=O)C(=O)C2=C(O)C=C(O)C=C2)O,7.32,1.57,274.23,115.06,4,6,3,2,0.499
CC(C)(C)[CH](O)C(=O)C(C)(C)C,6.68,2.01,172.27,37.3,1,2,1,0,0.657
CCC(CC)C(O)(C(CC)CC)C(O)=O,6.81,2.67,216.32,57.53,2,2,7,0,0.688
NC1=CC(=C(C=C1)S(O)(=O)=O)O,5.99,0.22,189.19,100.62,3,4,1,1,0.433
OC(=O)C(=O)C1=C(O)C=C(O)C=C1,6.03,0.37,182.13,94.83,3,4,2,1,0.453
O=C1NC(=C[CH]([CH]1C#N)C2=CC=CC=C2)C3=CC=CC=C3,7.84,3.08,274.32,52.89,1,2,2,2,0.915
CC(=O)OC1=CC2=C(C=C1)C(=CC(=O)O2)C,6.91,2.03,218.21,56.51,0,4,1,2,0.417
[O-][N+](=O)C1=CC(=C(C=C1)C(=O)C(=O)C2=C(C=C(C=C2)[N+]([O-])=O)[N+]([O-])=O)[N+]([O-])=O,4.16,2.39,390.22,206.7,0,10,7,2,0.291
CCN(C(=S)NC1=CC=CC=C1)C2=C(C)C=CC=C2,8.05,4.22,270.4,15.27,1,1,3,2,0.841
OC(=O)C1=C(O)C(=CC(=C1)Br)Br,7.83,2.62,295.91,57.53,2,2,1,1,0.837
COC1=CC2=C(NCCCCCN3CCCCC3)C4=CC=C(Cl)C=C4N=C2C=C1,5.68,6.12,411.98,37.39,1,4,8,3,0.358
CC(C)[C](C)(O)C#N,6.33,0.92,113.16,44.02,1,2,1,0,0.514
CNC(C)C,6.5,0.61,73.14,12.03,1,1,1,0,0.479
O=CN1CCCCC1,6.11,0.63,113.16,20.31,0,1,1,0,0.457
CN(C)CCCN,5.43,-0.1,102.18,29.26,1,2,3,0,0.539
CC[CH](N)CO,5.42,-0.28,89.14,46.25,2,2,2,0,0.488
CCOC(C)(C)C,6.67,1.82,102.18,9.23,0,1,1,0,0.49
CC(C)CC(C)=NO,6.76,1.88,115.18,32.59,1,2,2,0,0.332
CC(C)OC(=O)CC#N,5.87,0.85,127.14,50.09,0,3,2,0,0.517
CC(C)(C)OC(=O)CC#N,5.91,1.24,141.17,50.09,0,3,1,0,0.516
ClCCOC1=CC=CC=C1,7.26,2.3,156.61,9.23,0,1,3,1,0.611
CCOC(=O)C(C#N)=C(C)C,5.14,1.41,153.18,50.09,0,3,2,0,0.342
CC(C)CCCC(O)=O,6.88,1.9,130.19,37.3,1,1,4,0,0.631
CCCCCC#N,6.03,2.09,97.16,23.79,0,1,3,0,0.495
CCC(=O)CC(C)(C)C,6.62,2.4,128.21,17.07,0,1,2,0,0.558
CCCC[CH](CC)COCCCN,5.92,2.57,187.33,35.25,1,2,9,0,0.563
CC(C)(C)CC#N,6.32,1.95,97.16,23.79,0,1,0,0,0.453
CC(C)CC1=C(C)C=C(C)C=C1C,7.6,3.81,176.3,0.0,0,0,2,1,0.642
NCCCN1CCOCC1,5.16,-0.33,144.22,38.49,1,3,3,0,0.589
IC1=CC=CS1,7.45,2.35,210.04,0.0,0,1,0,1,0.576
C[CH](CCCC#N)[N+]([O-])=O,5.51,1.35,142.16,66.93,0,3,4,0,0.338
CCOC(=O)C(=CC)C(=O)OCC,5.51,1.06,186.21,52.6,0,4,4,0,0.285
CCC(=O)C(=O)C1=CC=CC=C1,6.62,1.85,162.19,34.14,0,2,3,1,0.502
CCOC(=O)C=C(C)N,5.33,0.41,129.16,52.32,1,3,2,0,0.434
CC(C)CC(=O)C1=C(C)C=C(C)C=C1C,7.28,3.84,204.31,17.07,0,1,3,1,0.684
CCOC(=S)SCCSC,6.2,2.4,196.36,9.23,0,4,4,0,0.504
CC(C)CCCN,6.15,1.38,101.19,26.02,1,1,3,0,0.571
CC(C)NCCO,5.74,-0.02,103.16,32.26,2,2,3,0,0.526
CCCCC[CH](C)N,7.0,1.91,115.22,26.02,1,1,4,0,0.556
CCOC(OCC)C=O,5.59,0.58,132.16,35.53,0,3,5,0,0.405
CC(=O)CCCOC(C)=O,5.51,0.92,144.17,43.37,0,3,4,0,0.435
CC1(C)CCOC1=O,6.07,0.96,114.14,26.3,0,2,0,0,0.438
C[CH](N)CCCO,5.75,0.11,103.16,46.25,2,2,3,0,0.532
OCCC1=CC=NC=C1,7.03,0.62,123.15,33.12,1,2,2,1,0.625
CCCN(CC)CC,6.59,1.74,115.22,3.24,0,1,4,0,0.539
CCCCNCCO,6.05,0.37,117.19,32.26,2,2,5,0,0.51
C[CH](CCCC(C)=C)[CH](O)C=O,6.5,1.93,170.25,37.3,1,2,6,0,0.488
CC(C)[CH]1CCC(=CC1=O)C,6.87,2.57,152.24,17.07,0,1,1,0,0.564
CCOC(=O)[CH](CC)C#N,5.74,1.1,141.17,50.09,0,3,3,0,0.553
CCOC(=O)[CH](C)C(C)=O,5.56,0.77,144.17,43.37,0,3,3,0,0.434
CCOC(=O)[CH](C)CC,6.25,1.6,130.19,26.3,0,2,3,0,0.542
CCOC[C](C)(CO)C[CH](C)CO,6.02,1.04,190.28,49.69,2,3,7,0,0.63
CCCCCC(C)=NO,6.55,2.42,129.2,32.59,1,2,4,0,0.269
CC[CH](C)C[CH](C)N,6.71,1.77,115.22,26.02,1,1,3,0,0.596
OCCCCCCl,6.59,1.39,122.6,20.23,1,1,4,0,0.441
O=C1C[CH](CO1)C2=CC=CC=C2,6.83,1.72,162.19,26.3,0,2,1,1,0.588
CCC(CC)C=NO,6.41,1.88,115.18,32.59,1,2,3,0,0.34
BrC1CCCC1,6.5,2.32,149.03,0.0,0,0,0,0,0.463
CCCCSCC=C,6.74,2.71,130.26,0.0,0,1,5,0,0.407
OC(=O)C1CC1,6.2,0.48,86.09,37.3,1,1,1,0,0.504
CCCOS(O)(=O)=O,5.72,0.22,140.16,63.6,1,3,3,0,0.569
CCCCCOS(O)(=O)=O,4.97,1.0,168.21,63.6,1,3,5,0,0.491
O[CH]1CC(O)(C[CH](O)C1O)C(O)=O,3.88,-2.32,192.17,118.22,5,5,1,0,0.318
NC1=C(C=C(Cl)C=C1Cl)C(O)=O,7.24,2.27,206.03,63.32,2,2,1,1,0.692
NC1=CC(=CC(=C1)Cl)[N+]([O-])=O,6.84,1.83,172.57,69.16,1,3,1,1,0.399
CCCCCOC(S)=S,6.38,2.41,164.3,9.23,1,2,4,0,0.388
CC1=CC(=C(C(=C1)C)C(O)=O)C,7.47,2.31,164.2,37.3,1,1,1,1,0.691
CCNCCCl,6.02,0.83,107.58,12.03,1,1,3,0,0.416
O[CH](C#N)C(Br)(Br)Br,6.5,1.71,307.77,44.02,1,2,0,0,0.547
OC(=O)C1=C(C=C(C=C1)[N+]([O-])=O)S(O)(=O)=O,5.92,0.54,247.18,134.81,2,5,3,1,0.452
OC(=O)C1=C(C=CC=C1Cl)[N+]([O-])=O,6.52,1.95,201.56,80.44,1,3,2,1,0.586
NC(=O)C1=CC(=C(O)C(=C1)O)O,6.06,-0.1,169.14,103.78,4,4,1,1,0.441
O[As](=O)(O[As](O)(=O)C1=CC=CC=C1)C2=CC=CC=C2,5.99,-0.46,386.07,83.83,2,3,4,2,0.696
C1C[S+]2CC[S+]1CC2,6.24,0.25,148.3,0.0,0,0,0,0,0.432
NC(=O)NCCO,4.59,-1.35,104.11,75.35,3,2,2,0,0.405
NC1=CC(=C(C=C1Cl)S(O)(=O)=O)Cl,6.96,1.82,242.08,80.39,2,3,1,1,0.581
O[CH]1CCCC[CH]1N2C(=O)C3=C(C=CC=C3)C2=O,7.47,1.59,245.28,57.61,1,3,1,1,0.764
CC1=CC=C(C=C1)S(=O)(=O)N(Cl)Cl,6.93,2.29,240.11,37.38,0,2,2,1,0.743
C[CH](Cl)C(Cl)(Cl)C(O)=O,6.83,1.87,191.44,37.3,1,1,2,0,0.677
C[CH](Cl)C(Cl)(Cl)C=O,6.81,1.99,175.44,17.07,0,1,2,0,0.463
COC1=CC(=C(N)C=C1F)[N+]([O-])=O,6.46,1.32,186.14,78.39,1,4,2,1,0.429
CC1=C(CCCO1)C(O)=O,6.68,1.16,142.15,46.53,1,2,1,0,0.597
C[C]1(CS(O)(=O)=O)[CH]2CC[C]1(C)C(=O)[CH]2Br,6.39,1.64,311.2,71.44,1,3,2,0,0.622
CCCCCCCCCCCC(=O)NN,5.7,2.9,214.35,55.12,2,2,10,0,0.254
CNC1=CC(=CC=C1)[N+]([O-])=O,7.04,1.64,152.15,55.17,1,3,2,1,0.517
COC(=O)[CH](CC(=O)C1=CC=CC=C1)C2=CC=CC=C2,6.59,3.22,268.31,43.37,0,3,5,2,0.617
COC1=C(C[CH](C)N)C=CC=C1,7.02,1.58,165.24,35.25,1,2,3,1,0.738
CCOC(=O)[CH]1CC(=O)[CH](CC1=O)C(=O)OCC,4.53,0.28,256.25,86.74,0,6,4,0,0.53
ClC1=CC=C(C=C1)C2=CC=C(Cl)C=C2,7.48,4.66,223.1,0.0,0,0,1,2,0.659
CC(C)(O)C(O)(C1=CC=CC=C1)C2=CC=CC=C2,7.92,2.69,242.32,40.46,2,2,3,2,0.868
CC(=O)C1=C2C=CC=CC2=CC3=C1C=CC=C3,7.7,4.2,220.27,17.07,0,1,1,3,0.444
OC(=O)CN(CC(O)=O)CC1=CC=CC=C1,6.23,0.66,223.23,77.84,2,3,6,1,0.74
CC(C)(C)CC(N)=O,6.74,0.91,115.18,43.09,1,1,1,0,0.542
OC1=C(C=CC=C1)C=NC2=CC=C(C=C2)N=CC3=C(O)C=CC=C3,7.43,4.6,316.36,65.18,2,4,4,3,0.691
C[CH](CCN(CC(O)=O)CC(O)=O)N(CC(O)=O)CC(O)=O,3.0,-1.29,320.3,155.68,4,6,12,0,0.341
CCCCCCC(C)(C)NC(N)=O,6.87,2.4,186.3,55.12,2,1,6,0,0.615
CC(C)(OC1=CC=C(Cl)C=C1)C(O)=O,7.46,2.58,214.65,46.53,1,2,3,1,0.841
CC1=CC=C(C=C1)S(=O)(=O)NS(=O)(=O)C2=CC=C(C)C=C2,6.66,1.97,325.41,80.31,1,4,4,2,0.932
CC(=C)[CH]1CC[C]2(C)CC[C]3(C)[CH](CC[CH]4[C]5(C)CC[CH](OC(=O)C6=CC=CC=C6)C(C)(C)[CH]5CC[C]34C)[CH]12,2.0,9.89,530.84,26.3,0,2,3,1,0.287
O=C1N[CH](C2=CC=CC=C2)C(=N1)C3=CC=CC=C3,7.92,2.94,236.27,41.46,1,1,2,2,0.855
ClC1=CC=C(C=C1)C(=C(Cl)Cl)C2=CC=C(Cl)C=C2,6.42,6.19,318.03,0.0,0,0,2,2,0.619
NC(C1=CC=CC=C1)(C2=CC=CC=C2)C3=CC=CC=C3,8.26,3.94,259.35,26.02,1,1,3,3,0.708
O=C1O[C](C[CH]1C2=CC=CC=C2)(C3=CC=CC=C3)C4=C5C=CC=CC5=CC=C4,6.82,5.81,364.44,26.3,0,2,3,4,0.429
CC(C)([N+]([O-])=O)C(C)(C)[N+]([O-])=O,5.41,1.1,176.17,86.28,0,4,3,0,0.475
O=C(C1=CC=CC=C1)C(=NOCC2=CC=CC=C2)C3=CC=CC=C3,6.7,4.49,315.37,38.66,0,3,6,3,0.382
CCCC1=CC=[N+](C=C1)[Ni](SC#N)(SC#N)([N+]2=CC=C(CCC)C=C2)([N+]3=CC=C(CCC)C=C3)[N+]4=CC=C(CCC)C=C4,4.94,6.28,659.6,63.1,0,4,14,4,0.118
O=C(CCCCC(=O)C1=CC=CC=C1)C2=CC=CC=C2,6.35,4.31,266.34,34.14,0,2,7,2,0.552
CC(C)(CO)N(CC(O)=O)CC(O)=O,4.2,-0.77,205.21,98.07,3,4,6,0,0.526
COC1=CC=C(Br)C(=C1)[N+]([O-])=O,7.03,2.37,232.03,52.37,0,3,2,1,0.58
NC1=C(C=CC=C1[N+]([O-])=O)C(O)=O,5.77,0.88,182.13,106.46,2,4,2,1,0.401
CCC(C)(C(O)=O)C(O)=O,5.68,0.57,146.14,74.6,2,2,3,0,0.571
CCC(CC)C(O)=O,5.99,1.51,116.16,37.3,1,1,3,0,0.606
NC(=S)NC1=C(Cl)C=CC=C1,7.31,2.0,186.67,38.05,2,1,1,1,0.659
COC1=CC=C(C=C1)C(=O)C(C)=NO,6.0,1.73,193.2,58.89,1,4,3,1,0.344
COC1=CC(=C(C=C1)[N+]([O-])=O)O,6.71,1.31,169.14,72.6,1,4,2,1,0.535
CC(C)C(C(O)=O)C(O)=O,6.09,0.43,146.14,74.6,2,2,3,0,0.566
CCN(CC)CCN(CC(O)=O)CC(O)=O,4.55,-0.2,232.28,81.08,2,4,9,0,0.573
CC(C)(C)[CH](Br)C(=O)NC1=CC=CC=C1,8.0,3.43,270.17,29.1,1,1,2,1,0.819
NN=C(C1=CC=CC=C1)C(=O)C2=CC=CC=C2,7.18,2.23,224.26,55.45,1,3,3,2,0.376
CC(C)C(C)(C)NC(N)=O,6.46,1.09,144.22,55.12,2,1,2,0,0.599
NC1=C(CO)C=CC=C1,6.13,0.76,123.15,46.25,2,2,1,1,0.541
CCC(C)(C)N(CC(O)=O)CC(O)=O,6.27,0.65,203.24,77.84,2,3,6,0,0.662
CCOC(=O)C(=O)[CH]1CCCCC1=O,5.06,0.88,198.22,60.44,0,4,3,0,0.383
COC1=C(OC)C=C(NC(C)=O)C(=C1)Br,6.7,2.42,274.11,47.56,1,3,3,1,0.92
CCN(CC)C1=C(C=CC=C1)S(O)(=O)=O,6.98,1.78,229.3,57.61,1,3,4,1,0.799
NC(=O)CCCCCCCCC(N)=O,6.21,1.08,200.28,86.18,2,2,9,0,0.545
CC(=C)[CH]1CCC(=CC1)C=NO,6.92,2.75,165.24,32.59,1,2,2,0,0.29
BrC1=CC=C(NC=O)C=C1,7.41,2.02,200.03,29.1,1,1,2,1,0.727
COC1=C(OC)C(=C(C=C1)C(C)=O)O,6.79,1.61,196.2,55.76,1,4,3,1,0.746
OC(=O)C1(O)CCCCC1,6.55,0.77,144.17,57.53,2,2,1,0,0.571
CCOC(=O)CNS(=O)(=O)C1=CC=CC=C1,6.05,0.53,243.28,72.47,1,4,5,1,0.766
COC1=CC(=C2N=CC=CC2=C1Cl)N,7.55,2.48,208.65,48.14,1,3,1,2,0.733
CCN(CC)[C](C)(O)CN,5.61,-0.0,146.23,49.49,2,3,4,0,0.549
BrCC(=O)C1=CC=NC=C1,6.67,1.66,200.04,29.96,0,2,2,1,0.536
CCCOC1=CC=C(C)C=C1,6.96,2.78,150.22,9.23,0,1,3,1,0.643
CC=C(Cl)C(O)=O,6.44,1.21,120.53,37.3,1,1,1,0,0.528
CN1C2=C(C=CC=C2)C(=O)C3=C1C=CC=C3,7.46,2.69,209.25,22.0,0,1,0,3,0.522
CCCCCCCCCCSC#N,5.69,4.34,199.36,23.79,0,2,9,0,0.407
CCCOC(=O)CSC#N,5.35,1.15,159.21,50.09,0,4,4,0,0.456
CCNC(=O)CCl,5.77,0.36,121.57,29.1,1,1,2,0,0.526
CN(C)C(=O)CCl,5.9,0.31,121.57,20.31,0,1,1,0,0.458
CCCCNC(=O)CCl,6.61,1.14,149.62,29.1,1,1,4,0,0.472
N#CSCCOCCSC#N,5.65,1.43,188.28,56.81,0,5,6,0,0.466
COCC1=CC=C(O1)[N+]([O-])=O,5.61,1.33,157.12,65.51,0,4,3,1,0.49
CCN(CC)C(=O)[CH](C)Br,6.24,1.64,208.1,20.31,0,1,3,0,0.645
CCCN(CCC)C(=O)CCl,6.59,1.87,177.67,20.31,0,1,5,0,0.588
CC(C)(N)CO[CH]1C[CH]2CC[C]1(C)C2(C)C,6.64,2.96,225.38,35.25,1,2,3,0,0.801
O=C(CSC#N)OC1CCCCC1,5.97,2.08,199.27,50.09,0,4,3,0,0.515
CCC(CC)COC(=O)CI,6.35,2.4,270.11,26.3,0,2,5,0,0.435
CCOC(=O)CSC#N,5.22,0.76,145.18,50.09,0,4,3,0,0.434
CC[Hg]Cl,6.92,1.66,265.11,0.0,0,0,1,0,0.632
OCC(I)CO,5.34,-0.23,201.99,40.46,2,2,2,0,0.479
CCCOC(=O)CCl,5.87,1.18,136.58,26.3,0,2,3,0,0.43
CCCCCCCNC(=O)CI,6.46,2.51,283.15,29.1,1,1,7,0,0.434
CCNC(=O)[CH](C)Br,6.04,0.91,180.04,29.1,1,1,2,0,0.628
CCCCCCCCCC[Se]C#N,6.09,3.73,246.26,23.79,0,1,9,0,0.449
CC(C)(C)OC(=O)CSC#N,5.91,1.54,173.24,50.09,0,4,2,0,0.469
CC(C)CCNC(=O)CI,6.67,1.58,255.1,29.1,1,1,4,0,0.599
CCCC[CH](CC)CNC(=O)CI,6.56,2.75,297.18,29.1,1,1,7,0,0.568
CCCCOC(=O)CCl,6.36,1.57,150.6,26.3,0,2,4,0,0.346
O=CC1=C2C=CC=CC2=NC=C1,7.3,2.05,157.17,29.96,0,2,1,2,0.593
Cl[Sn](C1=CC=CC=C1)(C2=CC=CC=C2)C3=CC=CC=C3,7.87,2.89,385.48,0.0,0,0,3,3,0.609
NC(=N)NCCC[CH](N=CC1=CC=CC=C1)C(O)=O,6.06,0.82,262.31,111.56,4,3,7,1,0.331
OC[CH](O)[CH](O)[CH](O)[CH](O)C(=O)CO,2.0,-4.02,210.18,138.45,6,7,6,0,0.262
OC[CH](O)[CH](O)[CH](O)[CH](O)C(=O)CO,2.0,-4.02,210.18,138.45,6,7,6,0,0.262
CO[CH]1O[CH]([CH](O)CO)[CH](O)[CH](O)[CH]1O,2.0,-3.21,224.21,119.61,5,7,3,0,0.342
C[CH]1O[CH](O)[CH](O)[CH](O)[CH]1O,3.41,-2.19,164.16,90.15,4,5,0,0,0.326
OC[CH](O)[CH](O)[CH](O)[CH](O)[CH](O)[CH](O)C=O,2.0,-4.66,240.21,158.68,7,8,7,0,0.219
CC(=O)OC[CH]1O[CH](OC(C)=O)[CH](OC(C)=O)[CH](OC(C)=O)[CH]1O[CH]2O[CH](COC(C)=O)[CH](OC(C)=O)[CH](OC(C)=O)[CH]2OC(C)=O,2.0,-0.83,678.59,238.09,0,19,12,0,0.181
OC[CH](O)[CH](O)[CH](O[CH]1O[CH](CO)[CH](O)[CH](O)[CH]1O)C(=O)CO,2.0,-5.55,342.3,197.37,8,11,8,0,0.209
CC1(C)OC[CH](O1)[CH]2O[CH]3OC(C)(C)O[CH]3[CH]2O,5.29,0.38,260.29,66.38,1,6,1,0,0.735
OC[CH](O)[CH](O)[CH](O)[CH](O)[CH](O)C=O,2.0,-4.02,210.18,138.45,6,7,6,0,0.245
CO[CH]1O[CH](CO)[CH](O)[CH](O)[CH]1O,2.65,-2.57,194.18,99.38,4,6,2,0,0.386
CCCC[CH](CC)CC[CH](OC(=O)CSC#N)[CH](C)CC,4.96,5.16,313.51,50.09,0,4,12,0,0.369
ClC1=CC2=NC3=C(CCCC3)C(=C2C=C1)Cl,7.42,4.42,252.14,12.89,0,1,0,2,0.676
CN(C)C(=N)NC1=NC(=C2C=C(Cl)C=CC2=N1)C.O[N+]([O-])=O,7.1,2.15,326.74,128.27,3,5,1,2,0.317
CCN(CC)C(=N)NC1=NC(=C2C=C(Cl)C=CC2=N1)C.O[N+]([O-])=O,6.56,2.93,354.8,128.27,3,5,3,2,0.334
CSCC[CH](O)C(O)=O,5.76,0.18,150.2,57.53,2,3,4,0,0.6
CC1=CC=CC2=C1OC3=C(C=CC=C3)C2=O,7.54,3.25,210.23,30.21,0,2,0,3,0.533
COC1=CC=C(C=C1)C=C2NC(=O)NC2=O,7.04,0.88,218.21,67.43,2,3,2,1,0.572
COC1=CC(=C(C=C1)N=C[CH]2CCCCC2=O)[N+]([O-])=O,5.74,3.07,276.29,81.8,0,5,4,1,0.48
CC1=C2C=CC=CC2=NC3=C1C=CC=C3,7.96,3.7,193.25,12.89,0,1,0,3,0.496
ClC1=C2CCCCC2=NC3=C1C=CC=C3,7.81,3.77,217.7,12.89,0,1,0,2,0.655
COC1=CC2=C(NC3=C(C=CC=C3)C2=O)C=C1,8.01,2.69,225.25,42.09,1,2,1,3,0.647
C[CH](Cl)CCl,6.76,1.85,112.99,0.0,0,0,1,0,0.455
CCCCCOC(=O)[CH](C)SC#N,5.69,2.32,201.29,50.09,0,4,6,0,0.376
Br[CH]1CCCC[CH]1Br,7.15,3.09,241.95,0.0,0,0,0,0,0.572
CC1=C(C)C(=C(Br)C(=C1)C)C,7.43,3.68,213.12,0.0,0,0,0,1,0.616
CC1=C(CCl)C(=C(CCl)C(=C1)C)C,7.49,4.09,217.14,0.0,0,0,2,1,0.654
COC1=C(OC(C)=O)C=CC(=C1)CC=C,7.03,2.35,206.24,35.53,0,3,4,1,0.431
CCOC(=O)C(=O)CC(C)=O,4.67,0.1,158.15,60.44,0,4,4,0,0.33
CC1=CC=CC(=C1)C=O,6.63,1.81,120.15,17.07,0,1,1,1,0.516
O1C2=CC=CC=C2C3=CC=CC=C13,7.88,3.59,168.19,13.14,0,1,0,3,0.5
CCC(C)(C)C1CCC(O)CC1,7.71,2.97,170.3,20.23,1,1,2,0,0.675
CC1(O)CCCCC1,6.69,1.7,114.19,20.23,1,1,0,0,0.508
CCC[CH](C)CC(O)=O,7.0,1.9,130.19,37.3,1,1,4,0,0.631
CCCCCCCCCCCC(=O)OCCOCCOCCOCCOCCOCCOCCOCCOCCO,2.65,3.58,596.8,120.37,1,11,36,0,0.084
CCCCCCCCCCCCCCCCCC(=O)OCCOCCOCCOCCOCCOCCOCCOCCOCCO,2.0,5.92,680.96,120.37,1,11,42,0,0.061
CC[CH](O)[CH](C)CO,6.23,0.39,118.18,40.46,2,2,3,0,0.562
CCCCCCCCCCCCCCCCCC1=[O+][Cr](Cl)(Cl)O[Cr](Cl)(Cl)O1,2.0,8.94,545.28,29.76,0,2,16,0,0.143
N[Cu]1(N)OC(=O)C2=C(C=CC=C2)C(=O)O1,5.34,-0.25,259.71,104.64,2,6,0,1,0.622
CCCCCC[CH](O)CC=CCCCCCCCC(=O)OC,4.71,5.17,312.49,46.53,1,3,15,0,0.258
O1C=CC2=CC=CC=C12,7.42,2.43,118.13,13.14,0,1,0,2,0.517
C[CH](O)C(=O)OCC=C,5.16,0.1,130.14,46.53,1,3,3,0,0.435
CCCOC(=O)CCOC,5.54,0.98,146.19,35.53,0,3,5,0,0.542
COCCO,5.09,-0.37,76.09,29.46,1,2,2,0,0.486
CC(C)OCCO,5.94,0.4,104.15,29.46,1,2,3,0,0.561
OCC=CCO,5.25,-0.47,88.11,40.46,2,2,2,0,0.448
CC(C)(O)C1=CC=CC=C1,7.38,1.91,136.19,20.23,1,1,1,1,0.625
OCCOCCOCCOCCO,3.5,-0.98,194.23,68.15,2,5,10,0,0.437
C[CH]1CC[CH]([CH](O)C1)C(C)=C,7.1,2.36,154.25,20.23,1,1,1,0,0.575
CC[CH](O)C1=CC=C(OC)C=C1,7.36,2.14,166.22,29.46,1,2,3,1,0.745
CCCCCC[CH](C)OC(=O)[CH](C)O,5.6,2.27,202.29,46.53,1,3,7,0,0.509
COC1=CC=C(C=C1)C(C)(C)C,7.39,2.99,164.25,9.23,0,1,1,1,0.62
OC1=CC=C(C=C1O)C2=CC=CC=C2,8.15,2.76,186.21,40.46,2,2,1,2,0.672
CC(C)CC(=O)CC1=CC=CC=C1,6.74,2.84,176.26,17.07,0,1,4,1,0.689
CC[CH](C)C1=CC=C(OCCO)C=C1,7.5,2.57,194.27,29.46,1,2,5,1,0.78
CCCCOC(=O)CCCCC(=O)O[CH](C)C(=O)OCCCC,4.86,3.17,330.42,78.9,0,6,13,0,0.293
CCCC(=O)OCCC1=CC=CC=C1,6.6,2.57,192.26,26.3,0,2,5,1,0.67
CCOC(=O)C(=CC1=CC=CC=C1)C(=O)OCC,6.08,2.2,248.28,52.6,0,4,5,1,0.347
COC(=O)CCCCCCCCC=C,5.96,3.47,198.31,26.3,0,2,9,0,0.322
CC=C[CH](O)C1=CC=CC=C1,7.35,2.3,148.2,20.23,1,1,2,1,0.638
CC(C)OC(=O)[CH](C)OC(=O)OCCOCCOC(=O)O[CH](C)C(=O)OC(C)C,4.0,1.99,422.43,132.89,0,11,12,0,0.26
CCCCCCCCCCCC(=O)O[CH](C)C(=O)O[CH](C)CC,4.28,5.18,328.49,52.6,0,4,14,0,0.325
CC[CH](C)OC(=O)[CH](C)OC(=O)OCCOCCOC(=O)O[CH](C)C(=O)O[CH](C)CC,3.83,2.77,450.48,132.89,0,11,14,0,0.22
CC(C)COC(=O)[CH](C)OC(=O)OCCOCCOC(=O)O[CH](C)C(=O)OCC(C)C,3.41,2.48,450.48,132.89,0,11,14,0,0.219
CCCCCCOC(=O)[CH](C)OC(=O)OCCOCCOC(=O)O[CH](C)C(=O)OCCCCCC,3.0,4.33,506.59,132.89,0,11,20,0,0.133
CCCCCCCCOC(=O)[CH](C)OC(=O)OCCOCCOC(=O)O[CH](C)C(=O)OCCCCCCCC,2.0,5.89,562.7,132.89,0,11,24,0,0.079
CC[CH](C)OCCOCCOC(=O)[CH](C)OC(=O)OCCOCCOC(=O)O[CH](C)C(=O)OCCOCCO[CH](C)CC,2.0,2.84,626.69,169.81,0,15,26,0,0.078
CCC(CC)C(=O)OCCCCOC(=O)C(CC)CC,5.65,3.73,286.41,52.6,0,4,11,0,0.429
OCCCCOC1=CC=CC=C1,7.14,1.84,166.22,29.46,1,2,5,1,0.676
CC1(C)[CH]2CC=C(CCO)[CH]1C2,7.13,2.36,166.26,20.23,1,1,2,0,0.624
CC1(C)[CH]2CC[CH](CCO)[CH]1C2,6.75,2.44,168.28,20.23,1,1,2,0,0.671
CC(=O)OCCC1=CC[CH]2C[CH]1C2(C)C,6.41,2.93,208.3,26.3,0,2,3,0,0.526
C[CH](O)C(=O)OCCCCCO,5.48,0.07,176.21,66.76,2,4,6,0,0.444
CC1=CC=[N+](C=C1)[Cu](Cl)(Cl)[N+]2=CC=C(C)C=C2,7.77,2.57,320.71,7.76,0,0,2,2,0.751
Cl[Cu](Cl)([N+]1=CC=CC=C1)[N+]2=CC=CC=C2,8.2,1.95,292.66,7.76,0,0,2,2,0.748
CCCC1=CC=[N+](C=C1)[Cu](Cl)(Cl)[N+]2=CC=C(CCC)C=C2,7.39,3.85,376.82,7.76,0,0,6,2,0.676
CCC(CC)C1=CC=[N+](C=C1)[Cd](SC#N)(SC#N)[N+]2=CC=C(C=C2)C(CC)CC,5.22,5.71,527.06,55.34,0,4,10,2,0.294
CC1=[N+](C=CC=C1)[Zn++]([N+]2=C(C)C=CC=C2)([N+]3=C(C)C=CC=C3)[N+]4=C(C)C=CC=C4.SC#N,7.66,2.77,497.0,39.31,1,2,4,4,0.263
CCC1=CC=[N+](C=C1)[Cu](Cl)(Cl)[N+]2=CC=C(CC)C=C2,7.63,3.07,348.76,7.76,0,0,4,2,0.75
C1CN[Cu]2(N1)NCCN2,4.42,-1.81,179.71,48.12,4,4,0,0,0.331
C1CN[Ni]23(N1)(NCCN2)NCCN3,3.58,-2.72,232.94,72.18,6,6,0,0,0.255
C1CN[Co]23(N1)(NCCN2)NCCN3,3.65,-2.72,233.19,72.18,6,6,0,0,0.273
CCCCC(CCCC)C1=CC=[N+](C=C1)[Cu](Cl)(Cl)[N+]2=CC=C(C=C2)C(CCCC)CCCC,2.0,8.88,545.14,7.76,0,0,16,2,0.186
CCCCCC1=CC=[N+](C=C1)[Zn++]([N+]2=CC=C(CCCCC)C=C2)([N+]3=CC=C(CCCCC)C=C3)[N+]4=CC=C(CCCCC)C=C4.SC#N,2.36,8.47,721.43,39.31,1,2,20,4,0.042
N[Co](N)(N)(N)(N)N,2.0,-3.55,155.07,156.12,6,6,0,0,0.212
N[Co+3](N)(N)(N)(N)N.[O-][N+]([O-])=O,2.0,-3.79,217.08,222.32,6,9,0,0,0.172
N[Co+3](N)(N)(N)(N)N.Cl[Cd](Cl)(Cl)(Cl)Cl,5.25,-0.1,444.75,156.12,6,6,0,0,0.286
N[Cu](N)(N)N,2.75,-2.36,127.64,104.08,4,4,0,0,0.273
N[Ni](N)(N)(N)(N)N,2.0,-3.55,154.83,156.12,6,6,0,0,0.199
CCCC1=CC=[N+](C=C1)[Cd](SC#N)(SC#N)[N+]2=CC=C(CCC)C=C2,6.87,3.81,470.95,55.34,0,4,8,2,0.435
CC1=[N+](C=CC=C1)[Cu](SC#N)(SC#N)[N+]2=C(C)C=CC=C2,6.76,2.52,365.97,55.34,0,4,4,2,0.617
CCC(CC)C1=CC=[N+](C=C1)[Zn++]([N+]2=CC=C(C=C2)C(CC)CC)([N+]3=CC=C(C=C3)C(CC)CC)[N+]4=CC=C(C=C4)C(CC)CC.SC#N,2.29,9.16,721.43,39.31,1,2,16,4,0.07
N#CS[Zn](SC#N)([N+]1=C2C=CC=CC2=CC=C1)[N+]3=C4C=CC=CC4=CC=C3,7.13,4.21,439.88,55.34,0,4,4,4,0.353
CCCC1=CC=[N+](C=C1)[Co](SC#N)(SC#N)([N+]2=CC=C(CCC)C=C2)([N+]3=CC=C(CCC)C=C3)[N+]4=CC=C(CCC)C=C4,4.94,6.28,659.84,63.1,0,4,14,4,0.15
N#CS[Cu](SC#N)([N+]1=CC=CC=C1)[N+]2=CC=CC=C2,6.89,1.9,337.92,55.34,0,4,4,2,0.631
CCC1=CC=[N+](C=C1)[Co](SC#N)(SC#N)([N+]2=CC=C(CC)C=C2)([N+]3=CC=C(CC)C=C3)[N+]4=CC=C(CC)C=C4,6.22,4.72,603.73,63.1,0,4,10,4,0.246
N#CS[Ni](SC#N)([N+]1=CC=CC=C1)([N+]2=CC=CC=C2)([N+]3=CC=CC=C3)[N+]4=CC=CC=C4,7.05,2.47,491.27,63.1,0,4,6,4,0.307
[O-][N+](=O)C1=C2C=CC=C3CCC(=C23)C=C1,7.29,2.85,199.21,43.14,0,2,1,2,0.523
CC(=O)NC1=C(C=CC=C1)[N+]([O-])=O,6.33,1.55,180.16,72.24,1,3,2,1,0.554
CC(=O)NC1=CC(=CC=C1)[N+]([O-])=O,6.74,1.55,180.16,72.24,1,3,2,1,0.554
CC(=O)NC1=CC=C(C=C1)[N+]([O-])=O,6.45,1.55,180.16,72.24,1,3,2,1,0.554
OC1=C(Cl)C=C(C=C1)[N+]([O-])=O,6.55,1.95,173.55,63.37,1,3,1,1,0.522
OC1=CC=C(C=C1)[N+]([O-])=O,6.62,1.3,139.11,63.37,1,3,1,1,0.471
[O-][N+](=O)C1=CC=C(C=CC=O)C=C1,5.92,1.81,177.16,60.21,0,3,3,1,0.306
CCOC1=CC2=C(C=CC=C2)C=C1,7.61,3.24,172.23,9.23,0,1,2,2,0.675
CCOC1=CC=C(N)C(=C1)[N+]([O-])=O,6.2,1.58,182.18,78.39,1,4,3,1,0.437
COC1=CC(=C(OC)C=C1)[N+]([O-])=O,6.44,1.61,183.16,61.6,0,4,3,1,0.527
COC(=O)C=CC1=CC=CC(=C1)[N+]([O-])=O,6.12,1.78,207.18,69.44,0,4,3,1,0.328
COC(=O)C=CC1=CC=C(C=C1)[N+]([O-])=O,5.99,1.78,207.18,69.44,0,4,3,1,0.328
[O-][N+](=O)C1=CC=C(C=C1)C2=CC=CC=C2,7.35,3.26,199.21,43.14,0,2,2,2,0.55
CC(=O)NC1=C(C=C(OC(C)=O)C=C1)[N+]([O-])=O,6.22,1.48,238.2,98.54,1,5,3,1,0.372
CCOC1=CC(=C(NC(C)=O)C=C1)[N+]([O-])=O,6.5,1.95,224.22,81.47,1,4,4,1,0.626
COC(=O)C1=CC(=CC=C1)[N+]([O-])=O,6.0,1.38,181.15,69.44,0,4,2,1,0.392
CCN(C(C)=O)C1=CC=C(C=C1)[N+]([O-])=O,6.04,1.97,208.22,63.45,0,3,3,1,0.563
CCCCCCCCCCCCCCOC(=O)CSC#N,3.96,5.44,313.51,50.09,0,4,15,0,0.229
ON=CC(=O)C1=CC=CC=C1,6.31,1.33,149.15,49.66,1,3,2,1,0.298
CCCCOC(=O)C1=CC=C(O)C(=C1)OC,6.4,2.36,224.26,55.76,1,4,5,1,0.616
OC(=O)COC1=C(C=CC=C1)C2=CC=CC=C2,7.43,2.82,228.25,46.53,1,2,4,2,0.875
N#CC(=CC1=CC=CO1)C#N,6.49,1.71,144.13,60.72,0,3,1,1,0.563
CCOC1=C(OCC)C=C(C=C1)C=C(C#N)C#N,6.51,2.91,242.28,66.04,0,4,5,1,0.744
OC(=O)COC1=C(C=CC=C1)C(O)=O,6.32,0.85,196.16,83.83,2,3,4,1,0.745
OC1=C(C=C(Cl)C=C1)C=C(C#N)C#N,7.08,2.48,204.62,67.81,1,3,1,1,0.715
CCN(CC)C(S)=S,6.8,1.54,149.28,3.24,1,1,2,0,0.468
CCCCCCCCCCNC(=O)CI,5.56,3.68,325.23,29.1,1,1,10,0,0.371
CC(C)OC(=S)SSC(=S)OC(C)C,6.03,3.79,270.47,18.46,0,6,2,0,0.557
N#CC(=CC1=CC2=C(OCO2)C=C1)C#N,6.42,1.85,198.18,66.04,0,4,1,1,0.646
COC1=C(OC)C=C(C=C1)C=C(C#N)C#N,6.13,2.13,214.22,66.04,0,4,3,1,0.723
CCCCCCCCCCCCCCCCCCOC(=O)CCl,3.19,7.03,346.98,26.3,0,2,18,0,0.151
COC1=CC=C(C=C1)C=C(C#N)C#N,7.0,2.13,184.2,56.81,0,3,2,1,0.661
CCCCCCCCCCCCCCSSCCCCCCCCCCCCCC,2.0,11.77,458.91,0.0,0,2,27,0,0.089
OC1=CC=C(C=C1)C=C(C#N)C#N,6.72,1.82,170.17,67.81,1,3,1,1,0.653
O=C(CSC#N)C1=CC=CC=C1,6.91,2.08,177.23,40.86,0,3,3,1,0.524
O=C(NC1=CC=CC=C1)OC[CH]2OCO[CH](COC(=O)NC3=CC=CC=C3)[CH]2OC(=O)NC4=CC=CC=C4,6.05,4.84,521.53,133.45,3,8,8,3,0.359
C1OC[CH](O1)[CH]2COCO2,5.03,-0.27,146.14,36.92,0,4,1,0,0.51
OC[CH]1OCO[CH](CO)[CH]1O,3.53,-1.93,164.16,79.15,3,5,2,0,0.443
O=C(OC[CH]1O[CH](O[CH]1[CH]2O[CH](O[CH]2COC(=O)C3=CC=CC=C3)C4=CC=CC=C4)C5=CC=CC=C5)C6=CC=CC=C6,5.27,5.67,566.61,89.52,0,8,9,4,0.24
CC(=O)OC[CH]1O[CH](OC(C)=O)[CH](OC(C)=O)[CH](OC(C)=O)[CH]1O[CH]2O[CH](COC(C)=O)[CH](OC(C)=O)[CH](OC(C)=O)[CH]2OC(C)=O,2.0,-0.83,678.59,238.09,0,19,12,0,0.181
C[CH]1OCO[CH](CO)[CH](O)[CH]1O,4.25,-1.54,178.18,79.15,3,5,1,0,0.453
CC(=O)OC[CH]1O[CH](OC(C)=O)[CH](OC(C)=O)[CH](OC(C)=O)[CH]1OC(C)=O,3.22,-0.37,390.34,140.73,0,11,6,0,0.433
C[CH]1O[CH](O[CH]2CO[CH](O[CH]12)C3=CC=CC=C3)C4=CC=CC=C4,7.24,3.6,312.37,36.92,0,4,2,2,0.849
OC[CH]1O[CH](O[CH]2CO[CH](O[CH]12)C3=CC=CC=C3)C4=CC=CC=C4,7.37,2.58,328.36,57.15,1,5,3,2,0.938
OC[CH]1OCO[CH]2COCO[CH]12,4.91,-0.91,176.17,57.15,1,5,1,0,0.56
CCCCCCCCCCCCCCCC1=CC(=C(N)C=C1)O[CH]2O[CH](CO)[CH](O)[CH](O)[CH]2O,5.59,4.08,481.67,125.4,5,7,17,1,0.168
COC1=CC2=C(C=O)C3=CC=C(Cl)C=C3N=C2C=C1,6.98,3.86,271.7,39.19,0,3,2,3,0.525
C[CH](N)CO,4.66,-0.67,75.11,46.25,2,2,1,0,0.434
C[CH](CC(C(O)=O)(C1=CC=CC=C1)C2=CC=CC=C2)N(C)C,7.59,3.4,297.4,40.54,1,2,6,2,0.888
CC(=O)OC1[CH](OC(C)=O)[CH](OC(C)=O)C2(CO2)[CH](OC(C)=O)[CH]1OC(C)=O,2.64,-0.57,402.35,144.03,0,11,5,0,0.331
CCCCCCCCCCCCCCCC1=CC(=C(N)C=C1)O[CH]2O[CH](COC(C)=O)[CH](OC(C)=O)[CH](OC(C)=O)[CH]2OC(C)=O,2.16,6.36,649.82,149.68,1,11,21,1,0.069
CCN(CC)C(=O)N1CCN(C)CC1,5.74,0.7,199.3,26.79,0,2,2,0,0.654
CCCCCCCCCCCCCCCC1=CC(=CC=C1[N+]([O-])=O)O[CH]2O[CH](COC(C)=O)[CH](OC(C)=O)[CH](OC(C)=O)[CH]2OC(C)=O,2.0,6.69,679.8,166.8,0,12,22,1,0.042
CCCCCCCCCCCCCCCC1=CC(=CC=C1N)O[CH]2O[CH](COC(C)=O)[CH](OC(C)=O)[CH](OC(C)=O)[CH]2OC(C)=O,2.35,6.36,649.82,149.68,1,11,21,1,0.069
CCOC(=O)C1=CC=C(C=C1)N=C[CH]2CCCCC2=O,6.62,3.32,273.33,55.73,0,4,4,1,0.624
NC(=S)NN=C1[CH](O)[CH](O)[CH](O)[CH](O)[CH]1O,2.0,-4.01,251.26,151.56,7,7,1,0,0.184
CC(=O)OC[CH]1O[CH](OC(C)=O)[CH](NC(=O)OCC2=CC=CC=C2)[CH](OC(C)=O)[CH]1OC(C)=O,3.74,1.0,481.45,152.76,1,11,8,1,0.418
CCC1=CC=CC(=C1)NC2=C(C=CC=C2)C(O)=O,7.5,3.69,241.29,49.33,2,2,4,2,0.858
CC(=O)C1=CC=C(C=C1)N=C[CH]2CCCCC2=O,6.74,3.35,243.31,46.5,0,3,3,1,0.603
CC(=O)O[CH]1CO[CH](O[CH]1[CH]2O[CH](OC[CH]2OC(C)=O)C3=C(C=CC=C3)[N+]([O-])=O)C4=C(C=CC=C4)[N+]([O-])=O,4.31,2.89,532.46,175.8,0,12,7,2,0.29
CC1=CC=C(C=C1)S(=O)(=O)O[CH]2[CH]3CO[CH](O3)[CH]4OC(C)(C)O[CH]24,5.91,1.34,356.4,80.29,0,7,3,1,0.756
C[CH]1OCO[CH](COS(=O)(=O)C2=CC=C(C)C=C2)[CH](OS(=O)(=O)C3=CC=C(C)C=C3)[CH]1OS(=O)(=O)C4=CC=C(C)C=C4,5.05,3.63,640.75,148.57,0,11,10,3,0.299
O[CH]1[CH](O)[CH]2CO[CH](O2)[CH]1O,3.63,-2.18,162.14,79.15,3,5,0,0,0.377
CC(=O)OC[CH]1OCO[CH]2[CH](COC(C)=O)OCO[CH]12,4.16,-0.4,290.27,89.52,0,8,4,0,0.646
O=C(O[CH]1CO[CH](O[CH]1[CH]2O[CH](OC[CH]2OC(=O)C3=CC=CC=C3)C4=CC=CC=C4)C5=CC=CC=C5)C6=CC=CC=C6,5.28,5.67,566.61,89.52,0,8,7,4,0.265
CO[CH]1[CH](C)OCO[CH]2COCO[CH]12,5.63,0.14,204.22,46.15,0,5,1,0,0.607
O[CH]1CO[CH](O[CH]1[CH]2O[CH](OC[CH]2O)C3=CC=CC=C3)C4=CC=CC=C4,7.06,1.94,358.39,77.38,2,6,3,2,0.873
CC(=O)OC1COC2OC1C(OC(C)=O)C2OC(C)=O,3.98,-0.46,288.25,97.36,0,8,3,0,0.508
O[CH]1COCO[CH]1[CH]2OCOC[CH]2O,3.72,-1.55,206.19,77.38,2,6,1,0,0.541
O[CH]1[CH]2CO[CH](O2)[CH]3O[CH](O[CH]13)C4=CC=CC=C4,6.16,0.59,250.25,57.15,1,5,1,1,0.79
COC(=O)[CH]1OCO[CH]2[CH]1OCO[CH]2C(=O)OC,3.3,-1.18,262.21,89.52,0,8,2,0,0.574
CC(=O)O[CH]1CO[CH](O[CH]1[CH]2O[CH](OC[CH]2OC(C)=O)C3=CC=CC=C3)C4=CC=CC=C4,6.1,3.08,442.46,89.52,0,8,5,2,0.653
O=C(O[CH]1[CH]2CO[CH](O2)[CH](OC(=O)C3=CC=CC=C3)[CH]1OC(=O)C4=CC=CC=C4)C5=CC=CC=C5,6.55,3.42,474.47,97.36,0,8,6,3,0.396
OC[CH]1OCO[CH]2[CH](CO)OCO[CH]12,3.55,-1.55,206.19,77.38,2,6,2,0,0.57
CC1(C)O[CH]2[CH](O)[CH]3OC[CH](O3)[CH]2O1,4.76,-0.38,202.21,57.15,1,5,0,0,0.58
OC1=C2C=NNC2=NC=N1,6.72,0.06,136.11,74.69,2,4,0,2,0.537
OC1=C2C=NNC2=NC(=N1)S,6.55,0.35,168.18,74.69,3,5,0,2,0.392
SC1=C2C=NNC2=NC=N1,6.63,0.64,152.18,54.46,2,4,0,2,0.43
NC1=C2C=NNC2=NC=N1,6.47,-0.06,135.13,80.48,2,4,0,2,0.53
CSC1=NC(=C2C=NNC2=N1)O,6.46,0.78,182.21,74.69,2,5,1,2,0.503
CN1N=CC2=C(O)N=C(O)N=C12,6.47,-0.23,166.14,84.06,2,5,0,2,0.565
CN1N=CC2=C(O)N=C(S)N=C12,6.67,0.36,182.21,63.83,2,5,0,2,0.456
NC1=C(C=NN1C2=CC=C(C=C2)[N+]([O-])=O)C#N,6.18,1.23,229.2,110.77,1,5,2,2,0.615
NC1=C(C=NN1C2=CC=C(Br)C=C2)C#N,7.89,2.09,263.1,67.63,1,3,1,2,0.856
CN1N=CC2=C(N)N=CN=C12,5.94,-0.05,149.16,69.62,1,4,0,2,0.57
OC1=C2C=NN(C3=CC=C(Cl)C=C3)C2=NC=N1,7.74,2.17,246.66,63.83,1,4,1,3,0.715
NC1=C2C=NN(C3=CC=CC=C3)C2=NC=N1,7.32,1.4,211.23,69.62,1,4,1,3,0.66
NC(=O)C1=C(N)NN=C1,5.53,-0.91,126.12,97.79,3,3,1,1,0.454
SC1=NC(=C2C=NNC2=N1)S,7.43,0.93,184.25,54.46,3,5,0,2,0.324
OC1=NC(=C2C=NNC2=N1)S,6.61,0.35,168.18,74.69,3,5,0,2,0.392
ClC1=CC=C(C=C1)N2N=CC3=C(Cl)N=C(Cl)N=C23,7.21,3.78,299.55,43.6,0,3,1,3,0.507
CN1N=CC2=C(O)N=C(Cl)N=C12,6.78,0.72,184.59,63.83,1,4,0,2,0.613
CC1=NNC(=C1[N+]([O-])=O)C(N)=O,5.05,-0.27,170.13,114.91,2,4,2,1,0.469
CC1=NNC(=C1)C(O)=O,6.92,0.42,126.11,65.98,2,2,1,1,0.573
CC1=NNC(=C1[N+]([O-])=O)C(O)=O,5.75,0.32,171.11,109.12,2,4,2,1,0.492
CC1=NNC=C1[N+]([O-])=O,5.97,0.63,127.1,71.82,1,3,1,1,0.444
OC(=O)C1=NNC=C1[N+]([O-])=O,5.53,0.02,157.09,109.12,2,4,2,1,0.464
CN1N=CC(=C1N)C#N,5.41,-0.13,122.13,67.63,1,3,0,1,0.521
CN1N=CC(=C1NC(C)=O)C#N,5.76,0.25,164.17,70.71,1,3,1,1,0.646
NC1=C(C=NN1C2=CC=CC=C2)C#N,7.31,1.33,184.2,67.63,1,3,1,2,0.726
CC(=O)NC1=C(C=NN1C2=CC=C(Cl)C=C2)C#N,7.17,2.36,260.68,70.71,1,3,2,2,0.901
CCC(=O)NC1=C(C=NN1)C#N,6.08,0.63,164.17,81.57,2,3,2,1,0.672
CC1=CC=C(C=C1)N2N=CC3=C(O)N=C(C)N=C23,7.68,2.14,240.27,63.83,1,4,1,3,0.707
CC(=O)NC1=C(C=NN1C2=C(Cl)C=CC=C2)C#N,7.63,2.36,260.68,70.71,1,3,2,2,0.901
CC1=NC(=C2C=NN(C3=C(Cl)C=CC=C3)C2=N1)O,7.8,2.48,260.68,63.83,1,4,1,3,0.73
CCC1=NC(=C2C=NN(C3=CC=CC=C3)C2=N1)O,7.73,2.08,240.27,63.83,1,4,2,3,0.745
CN1N=CC2=C1N=C(C)N=C2NCC3=CC=CC=C3,7.35,2.28,253.31,55.63,1,4,3,3,0.778
CNC1=C2C=NNC2=NC(=N1)C,6.48,0.7,163.18,66.49,2,4,1,2,0.649
COC1=C2C=NN(C3=CC=CC=C3)C2=NC(=N1)C,7.66,2.13,240.27,52.83,0,4,2,3,0.688
CN1N=CC2=C(Cl)N=CN=C12,6.68,1.02,168.59,43.6,0,3,0,2,0.552
ClC1=C2C=NN(C3=CC=CC=C3)C2=NC=N1,7.45,2.47,230.66,43.6,0,3,1,3,0.603
CNC1=C2C=NN(C)C2=NC=N1,6.84,0.4,163.18,55.63,1,4,1,2,0.661
CCNC1=C2C=NN(C)C2=NC=N1,6.85,0.8,177.21,55.63,1,4,2,2,0.737
CC1=CC=C(NC2=C3C=NN(C4=CC=CC=C4)C3=NC=N2)C=C1,7.85,3.87,301.35,55.63,1,4,3,4,0.624
CC1=C(NC2=C3C=NN(C4=CC=CC=C4)C3=NC=N2)C=CC=C1,8.28,3.87,301.35,55.63,1,4,3,4,0.624
CCN(CC)C1=C2C=NN(C3=CC=CC=C3)C2=NC=N1,7.12,2.66,267.34,46.84,0,4,4,3,0.729
CCNC1=C2C=NN(C3=CC=CC=C3)C2=NC=N1,7.75,2.25,239.28,55.63,1,4,3,3,0.761
N(C1=CC=CC=C1)C2=C3C=NN(C4=CC=CC=C4)C3=NC=N2,7.8,3.56,287.33,55.63,1,4,3,4,0.626
CCCCNC1=C2C=NN(C3=CC=CC=C3)C2=NC=N1,7.46,3.03,267.34,55.63,1,4,5,3,0.722
CC(C)NC1=C2C=NN(C3=CC=CC=C3)C2=NC=N1,7.96,2.64,253.31,55.63,1,4,3,3,0.779
ClC1=CC=CC(=C1)NC2=C3C=NN(C4=CC=CC=C4)C3=NC=N2,7.77,4.21,321.77,55.63,1,4,3,4,0.614
COC1=C2C=NN(C)C2=NC=N1,6.35,0.37,164.17,52.83,0,4,1,2,0.611
CN1C=NC2=C(C=NN2C)C1=O,6.08,-0.33,164.17,52.71,0,3,0,2,0.535
CN1N=CC2=C(OC(C)=O)N=CN=C12,5.85,0.29,192.18,69.9,0,5,1,2,0.607
CN1N=CC2=C(O)N=CN=C12,6.02,0.07,150.14,63.83,1,4,0,2,0.577
BrC1=CC=CC(=C1)NC2=C3C=NN(C4=CC=CC=C4)C3=NC=N2,7.32,4.32,366.22,55.63,1,4,3,4,0.587
CN1N=CC2=C1N=CN=C2NCC3=CC=CO3,6.64,1.57,229.24,68.77,1,5,3,3,0.738
ClC1=CC=C(C=C1)N2N=CC3=C(Cl)N=CN=C23,8.08,3.12,265.1,43.6,0,3,1,3,0.635
ClC1=CC=C(C=C1)N2N=CC3=C(NCC4=CC=CO4)N=CN=C23,7.23,3.67,325.76,68.77,1,5,4,4,0.62
CCN(CC)CCNC1=C2C=NN(C3=CC=C(Cl)C=C3)C2=NC=N1,7.06,3.22,344.85,58.87,1,5,7,3,0.713
CN(C)C1=C2C=NN(C3=CC=C(Cl)C=C3)C2=NC=N1,7.36,2.53,273.73,46.84,0,4,2,3,0.72
SC1=C2C=NN(C3=CC=C(Cl)C=C3)C2=NC=N1,7.73,2.76,262.73,43.6,1,4,1,3,0.542
CNNC1=C2C=NN(C3=CC=CC=C3)C2=NC=N1,7.47,1.36,240.27,67.66,2,5,3,3,0.677
CN(C)C1=C2C=NN(C3=CC=CC=C3)C2=NC=N1,7.49,1.88,239.28,46.84,0,4,2,3,0.685
ClC1=CC=C(NC2=C3C=NN(C4=CC=CC=C4)C3=NC=N2)C=C1,7.49,4.21,321.77,55.63,1,4,3,4,0.614
CN1N=CC2=C1N=CN=C2NC3=CC=C(Cl)C=C3,7.62,2.76,259.7,55.63,1,4,2,3,0.769
CN1N=CC2=C1N=CN=C2NCC3=CC=CC=C3,7.53,1.98,239.28,55.63,1,4,3,3,0.759
CN1N=CC2=C(NC3=CC(=CC=C3)Cl)N=CN=C12,7.6,2.76,259.7,55.63,1,4,2,3,0.769
CN(C)C1=C2C=NN(C)C2=NC=N1,6.72,0.43,177.21,46.84,0,4,1,2,0.633
CN1N=CC2=C(NC3=C(Cl)C=CC=C3)N=CN=C12,7.79,2.76,259.7,55.63,1,4,2,3,0.769
CCC1=C(NC2=C3C=NN(C)C3=NC=N2)C(=CC=C1)CC,7.71,3.23,281.36,55.63,1,4,4,3,0.797
CN1N=CC2=C(NC3=C(Cl)C=CC(=C3)Cl)N=CN=C12,7.83,3.41,294.15,55.63,1,4,2,3,0.787
CN1N=CC2=C(NCCO)N=CN=C12,6.24,-0.23,193.21,75.86,2,5,3,2,0.704
CN1N=CC2=C(NN)N=CN=C12,5.8,-0.35,164.17,81.65,2,5,1,2,0.444
COC(=O)C1=CC=CC=N1,5.96,0.87,137.14,39.19,0,3,1,1,0.539
N[CH](CC1=NNC2=C1C=CC=C2)C(O)=O,6.82,0.52,205.22,92.0,3,3,3,2,0.681
CC1=CC2=C(C=C1)C(=CN2)C[CH](N)C(O)=O,7.22,1.43,218.26,79.11,3,2,3,2,0.729
FC1=CC=C([I]C2=CC=C(F)C=C2)C=C1,7.56,3.97,317.1,0.0,0,0,2,2,0.735
BrC1=CC2=C(C=C1)C3=CC=CC=C3C2,7.85,4.02,245.12,0.0,0,0,0,2,0.561
CC1=CC=C(C=C1)[As](C2=CC=C(C)C=C2)C3=CC=C(C)C=C3,8.31,3.13,348.32,0.0,0,0,3,3,0.638
CC1=C(C)C(=C2C=CC=CC2=C1)Br,7.72,4.22,235.12,0.0,0,0,0,2,0.641
CC1O[Ni]2(OC(C)C(=O)O2)OC1=O,4.85,-0.28,234.82,71.06,0,6,0,0,0.537
N[Zn]1(O)OC(=O)C(=O)O1,3.42,-2.15,186.44,98.85,2,6,0,0,0.331
O[Cu]12(O)(OC(=O)C(=O)O1)OC(=O)C(=O)O2,2.0,-3.11,273.6,145.66,2,10,0,0,0.343
O=C1OCC2=C1C=CC=C2,7.39,1.36,134.13,26.3,0,2,0,1,0.501
OC(=O)C(=O)CC1=CC=CC=C1,6.59,0.88,164.16,54.37,1,2,3,1,0.675
C[CH](O)C(=O)OCCOCCO,3.57,-1.08,178.18,75.99,2,5,6,0,0.399
OC1(CCCCC1)C2(O)CCCCC2,7.3,2.38,198.31,40.46,2,2,1,0,0.679
COC(=O)[CH](C)OC(=O)OCCOCCOC(=O)O[CH](C)C(=O)OC,3.48,0.43,366.32,132.89,0,11,10,0,0.303
CCCOC(=O)[CH](C)OC(=O)OCCOCCOC(=O)O[CH](C)C(=O)OCCC,4.0,1.99,422.43,132.89,0,11,14,0,0.231
COCCOC(=O)[CH](C)OC(=O)OCCOOCCOC(=O)O[CH](C)C(=O)CCOC,2.74,0.81,454.43,151.35,0,13,17,0,0.1
CCCCCCCCOC(=O)[CH](C)OC(=O)[CH](C)O,5.43,2.2,274.36,72.83,1,5,10,0,0.488
CCCC[CH](C)N=C=S,6.13,2.67,143.25,12.36,0,2,4,0,0.435
CCCCSC#N,6.25,2.0,115.2,23.79,0,2,3,0,0.415
CCC[CH](O)C(=O)CCC,6.1,1.52,144.21,37.3,1,2,5,0,0.635
CCCC[CH](CC)COC(=O)CSC#N,5.55,2.96,229.34,50.09,0,4,8,0,0.474
CCCCCCCCCCCCSC#N,5.35,5.12,227.42,23.79,0,2,11,0,0.361
CC(C)(CO[CH]1C[CH]2CC[C]1(C)C2(C)C)[N+]([O-])=O,6.57,3.27,255.36,52.37,0,3,4,0,0.572
OC(=O)C1=CC=NC=C1,6.63,0.78,123.11,50.19,1,2,1,1,0.6
ClC1=C(Cl)C(=C2C(=O)OC(=O)C2=C1Cl)Cl,6.35,3.61,285.9,43.37,0,3,0,1,0.316
NC1=CC=C(O)C2=C1C(=O)C3=C(C=CC=C3)C2=O,7.21,1.75,239.23,80.39,2,4,0,2,0.462
CCN(CC)C1=CC=C(N)C=C1,7.41,2.12,164.25,29.26,1,2,3,1,0.693
CCCC=NO,6.07,1.25,87.12,32.59,1,2,2,0,0.307
CC1=NC(=CC=C1)N,6.71,0.97,108.14,38.91,1,2,0,1,0.538
CC1=CC=C(N)N=C1,6.75,0.97,108.14,38.91,1,2,0,1,0.538
CC1=CC(=NC=C1)N,6.55,0.97,108.14,38.91,1,2,0,1,0.538
NC1=C(O)C=CC(=C1)S(O)(=O)=O,6.08,0.22,189.19,100.62,3,4,1,1,0.333
NC1=C(Cl)C=CC(=C1)Cl,7.41,2.58,162.02,26.02,1,1,0,1,0.583
CN(C)C1=CC=C(N)C=C1,7.05,1.33,136.2,29.26,1,2,1,1,0.59
CC1=C(N)C=C(N)C=C1,6.73,1.16,122.17,52.04,2,2,0,1,0.507
CC1=CC(=C(N)C=C1)N,6.84,1.16,122.17,52.04,2,2,0,1,0.507
CC(C)(N=NC(C)(C)C#N)C#N,6.16,2.04,164.21,72.3,0,4,2,0,0.586
OC(=O)C1=CC(=C(O)C(=C1)I)I,7.26,2.3,389.91,57.53,2,2,1,1,0.724
CCCCCC(=O)NC1=CC=CC=C1,7.56,3.21,191.27,29.1,1,1,5,1,0.711
NC1=C2C=CC=C(O)C2=CC=C1,7.62,2.13,159.19,46.25,2,2,0,2,0.578
ClC[CH]1COC2=C(O1)C=CC=C2,7.09,2.07,184.62,18.46,0,2,1,1,0.622
CCCCCOC(=O)CCC(=O)OCCCCC,5.62,3.23,258.36,52.6,0,4,11,0,0.422
CCCCOC(=O)CCC(=O)OCCCC,5.19,2.45,230.3,52.6,0,4,9,0,0.451
CS(=O)(=O)NS(C)(=O)=O,3.37,-1.5,173.22,80.31,1,4,2,0,0.551
C1CCC(CC1)NC2CCCC2,6.74,2.85,167.3,12.03,1,1,2,0,0.667
OCCNC1CCCCC1,6.8,0.9,143.23,32.26,2,2,3,0,0.615
C1CCC(CC1)NCSC2=NCCS2,6.63,2.7,230.4,24.39,1,4,3,0,0.754
ClC1=C(OC2=CC=CC=C2)C(=O)C3=C(C=CC=C3)C1=O,7.91,3.6,284.7,43.37,0,3,2,2,0.846
CCCCCCCC=O,6.13,2.55,128.22,17.07,0,1,6,0,0.397
OC(=O)C=CC1=CC=C(Cl)C=C1,7.32,2.44,182.61,37.3,1,1,2,1,0.714
NC1=CC2=C(C=C1)C=C3C=CC(=CC3=N2)N.OS(O)(=O)=O,7.68,1.9,307.33,139.53,4,5,0,3,0.282
CCCCOC(=O)C1=C(O)C=CC=C1,7.27,2.35,194.23,46.53,1,3,4,1,0.591
ClC[CH](Br)CBr,7.51,2.38,236.33,0.0,0,0,2,0,0.646
ON(O)NC(=N)NN=C1C(=O)NC2=C1C=CC=C2,5.81,-0.55,250.22,133.07,6,6,2,1,0.237
NC1=CC=C(C=C1)C=NNC(=N)NN(O)O,5.87,-0.29,224.22,129.99,6,6,3,1,0.181
CC(=O)NC1=CC=C(C=C1)C=NNC(=N)NN(O)O,6.0,0.09,266.26,133.07,6,6,4,1,0.26
